149.156.96.150,agh.edu.pl
216.58.209.4,googleapis.com
16.15.194.143,s3.amazonaws.com
185.31.17.78,map.fastly.net
104.16.208.90,cloudflare.net
216.58.208.206,withgoogle.com
3.5.79.239,s3.us-west-2.amazonaws.com
65.55.54.16,servicebus.windows.net
52.218.216.48,s3-us-west-2.amazonaws.com
142.250.186.206,appspot.com
16.15.185.223,s3.us-east-1.amazonaws.com
3.5.128.172,s3.us-east-2.amazonaws.com
185.199.108.153,github.io
151.101.0.249,global.ssl.fastly.net
16.15.192.119,elasticbeanstalk.com
16.15.193.188,s3.dualstack.us-east-1.amazonaws.com
52.218.1.67,s3.eu-west-1.amazonaws.com
3.215.139.115,herokuapp.com
52.218.225.168,s3.dualstack.us-west-2.amazonaws.com
3.5.135.163,s3.eu-central-1.amazonaws.com
138.1.125.45,dyndns.org
52.219.112.224,s3.us-west-1.amazonaws.com
3.5.68.132,s3-eu-west-1.amazonaws.com
104.18.20.135,pages.dev
23.227.38.32,myshopify.com
52.219.112.168,s3-us-west-1.amazonaws.com
142.250.203.137,blogspot.com
64.70.19.33,ws
3.5.146.1,s3.ap-southeast-1.amazonaws.com
151.101.0.144,gov.uk
142.250.203.148,uc.r.appspot.com
104.18.12.15,workers.dev
3.5.146.157,s3-ap-southeast-1.amazonaws.com
199.36.158.100,firebaseapp.com
196.29.59.27,co.za
52.218.108.235,s3.dualstack.eu-west-1.amazonaws.com
3.124.100.143,netlify.app
52.216.26.98,s3-external-1.amazonaws.com
3.5.245.209,s3.eu-west-2.amazonaws.com
199.36.158.100,web.app
188.114.96.11,gitlab.io
52.218.181.178,s3-website.us-west-2.amazonaws.com
34.195.34.227,auth.us-east-1.amazoncognito.com
76.76.21.142,vercel.app
217.119.57.22,tk
16.15.178.211,wpmucdn.com
151.101.0.144,service.gov.uk
160.106.123.29,gc.ca
162.159.140.237,r2.dev
151.101.130.79,freetls.fastly.net
142.250.203.193,h5games.usercontent.goog
65.9.95.125,awsapps.com
204.74.99.100,adobeaemcloud.com
161.148.164.31,gov.br
91.212.89.8,uz
195.24.205.60,cm
78.194.169.74,eu.org
54.153.56.183,us.org
3.5.150.178,s3.dualstack.ap-southeast-1.amazonaws.com
158.247.7.206,ddns.net
223.200.178.28,gov.tw
54.153.56.183,us.com
142.250.186.212,ey.r.appspot.com
4.158.93.42,nhs.uk
162.243.189.2,nyc3.digitaloceanspaces.com
192.237.224.60,pantheonsite.io
85.90.246.86,ladesk.com
3.96.91.14,duckdns.org
103.253.144.208,sgp1.digitaloceanspaces.com
16.12.36.41,s3.ap-south-1.amazonaws.com
3.5.87.237,s3-website-us-west-2.amazonaws.com
217.160.92.99,co.uz
45.126.59.70,my.id
3.5.134.213,s3.dualstack.eu-central-1.amazonaws.com
3.5.165.113,s3-ap-southeast-2.amazonaws.com
57.144.112.141,apps.fbsbx.com
108.175.50.132,s3-us-gov-west-1.amazonaws.com
76.76.21.21,supabase.co
213.180.193.243,storage.yandexcloud.net
34.83.64.96,onrender.com
54.153.56.183,eu.com
104.18.32.9,notion.site
52.219.12.10,s3.ap-northeast-1.amazonaws.com
178.210.74.11,com.ru
13.248.131.96,gov.sg
52.219.112.128,s3.dualstack.us-west-1.amazonaws.com
147.237.12.20,gov.il
16.12.5.41,s3.ca-central-1.amazonaws.com
52.219.136.154,s3.dualstack.ap-northeast-1.amazonaws.com
52.6.108.150,httpbin.org
104.26.8.84,js.org
3.5.165.170,s3.ap-southeast-2.amazonaws.com
16.12.4.105,s3.dualstack.ca-central-1.amazonaws.com
3.5.186.118,s3.dualstack.ap-northeast-2.amazonaws.com
52.95.154.93,s3.dualstack.eu-west-3.amazonaws.com
3.5.165.231,s3.dualstack.ap-southeast-2.amazonaws.com
52.95.172.57,s3.dualstack.me-south-1.amazonaws.com
16.12.66.97,s3-us-east-2.amazonaws.com
208.94.116.100,nfshost.com
3.5.249.29,s3.dualstack.eu-south-1.amazonaws.com
104.16.253.120,readthedocs.io
199.232.192.249,a.ssl.fastly.net
142.250.75.4,googlecode.com
108.175.48.40,s3.us-gov-west-1.amazonaws.com
52.95.155.97,s3.eu-west-3.amazonaws.com
107.23.160.52,myqnapcloud.com
142.251.143.33,translate.goog
96.16.54.184,members.linode.com
52.40.170.115,auth.us-west-2.amazoncognito.com
16.182.34.125,s3-website-us-east-1.amazonaws.com
194.181.92.97,gov.pl
3.5.156.230,s3-ap-northeast-1.amazonaws.com
54.153.56.183,uk.com
3.5.186.1,s3.ap-northeast-2.amazonaws.com
138.68.32.225,sfo2.digitaloceanspaces.com
3.5.238.37,s3.ap-east-1.amazonaws.com
16.12.0.28,s3-sa-east-1.amazonaws.com
5.101.109.44,fra1.digitaloceanspaces.com
34.160.243.77,id.forgerock.io
77.83.140.34,fly.dev
142.251.143.84,ew.r.appspot.com
35.202.21.90,lpages.co
104.18.40.34,carrd.co
3.5.136.200,s3-website.eu-central-1.amazonaws.com
216.239.36.56,uc.gateway.dev
169.60.151.232,co.com
85.13.159.123,kasserver.com
5.101.110.225,ams3.digitaloceanspaces.com
3.5.12.100,s3-website.us-east-1.amazonaws.com
16.12.0.4,s3.sa-east-1.amazonaws.com
16.12.10.45,s3.eu-north-1.amazonaws.com
3.5.135.211,s3-eu-central-1.amazonaws.com
18.218.228.92,auth.us-east-2.amazoncognito.com
201.55.11.75,sp.gov.br
65.9.95.18,glitch.me
158.247.7.206,sytes.net
130.61.69.238,dnsalias.com
138.68.34.161,sfo3.digitaloceanspaces.com
158.247.7.206,hopto.org
54.222.114.61,s3.cn-north-1.amazonaws.com.cn
193.243.158.11,vn.ua
20.223.8.30,gov.pt
142.250.203.212,ue.r.appspot.com
76.76.21.123,now.sh
158.247.7.199,no-ip.info
18.204.75.116,webflow.io
158.247.7.206,zapto.org
51.104.28.64,police.uk
163.43.179.80,sakura.ne.jp
216.229.194.4,k12.ms.us
38.145.48.10,fedorainfracloud.org
178.62.234.149,pp.ua
178.210.74.11,spb.ru
52.95.142.73,s3-eu-west-2.amazonaws.com
54.153.56.183,uk.net
52.219.101.161,s3.dualstack.us-east-2.amazonaws.com
212.42.244.100,myfritz.net
103.107.226.226,vic.gov.au
54.153.56.183,de.com
187.1.130.10,kinghost.net
34.212.23.211,ngrok.io
35.201.127.49,streamlit.app
18.202.109.48,auth.eu-west-1.amazoncognito.com
185.12.113.221,net.ua
31.28.161.208,org.ua
34.100.212.184,repl.co
193.148.166.89,stackit.zone
54.153.56.183,com.de
198.188.255.132,cc.ca.us
52.17.253.37,altervista.org
65.9.95.101,adobeioruntime.net
132.226.118.109,homeip.net
3.5.184.183,s3-website.ap-northeast-2.amazonaws.com
200.189.114.202,pr.gov.br
104.18.36.141,csb.app
142.250.186.212,nw.r.appspot.com
151.104.135.165,gov.om
95.173.128.89,gov.ru
216.58.208.193,playables.usercontent.goog
191.6.210.209,uni5.net
142.250.203.212,uk.r.appspot.com
52.219.112.211,s3-website-us-west-1.amazonaws.com
52.218.41.140,s3-website-eu-west-1.amazonaws.com
158.247.7.199,no-ip.org
16.12.40.61,s3-ap-south-1.amazonaws.com
159.106.121.75,sinaapp.com
194.226.41.15,org.ru
52.95.179.49,s3.ap-southeast-3.amazonaws.com
192.104.182.109,bloxcms.com
34.213.106.51,wa.gov.au
196.29.59.27,org.za
162.216.242.208,mywire.org
128.31.0.62,debian.net
35.173.69.207,pythonanywhere.com
13.248.194.103,gob.cl
52.216.209.96,s3-1.amazonaws.com
158.247.7.206,redirectme.net
173.255.231.96,us-east-1.linodeobjects.com
103.3.61.236,ap-south-1.linodeobjects.com
200.198.128.227,rs.gov.br
3.234.203.54,studio.us-east-1.sagemaker.aws
85.114.136.161,ddnss.de
158.247.7.206,myftp.org
132.226.118.109,mine.nu
193.13.133.90,com.se
200.198.15.50,mg.gov.br
130.61.69.238,dyndns.info
132.226.44.1,dyndns.biz
162.216.242.208,dynu.net
158.247.7.206,ddns.me
13.248.211.240,qld.gov.au
3.5.244.42,s3.dualstack.eu-west-2.amazonaws.com
132.226.44.1,dyndns.tv
104.142.251.224,playstation-cloud.com
185.15.56.11,toolforge.org
158.247.7.206,gotdns.ch
185.166.143.48,bitbucket.io
54.153.56.183,gb.net
85.198.150.14,dp.ua
158.247.7.206,bounceme.net
162.216.242.208,kozow.com
162.159.140.98,media.strapiapp.com
202.175.34.4,gov.mo
163.195.1.225,gov.za
104.18.8.105,discordsays.com
5.101.108.233,blr1.digitaloceanspaces.com
158.247.7.206,serveirc.com
51.195.195.241,dnsabr.com
104.18.43.151,yolasite.com
216.239.36.56,ue.gateway.dev
158.247.7.206,ddnsking.com
199.232.192.143,b.ssl.fastly.net
212.18.250.170,jp.net
178.172.160.19,of.by
62.217.85.154,gov.gr
54.153.56.183,cn.com
13.248.252.114,wellbeingzone.co.uk
139.59.225.91,in.net
207.165.7.248,k12.ia.us
178.210.74.11,msk.ru
142.250.186.201,blogspot.co.uk
75.2.60.5,framer.app
216.58.209.20,de.r.appspot.com
158.247.7.206,myvnc.com
200.187.32.253,ba.gov.br
151.101.129.51,edgecompute.app
18.171.88.105,auth.eu-west-2.amazoncognito.com
108.175.49.178,s3-fips.us-gov-west-1.amazonaws.com
150.254.186.145,poznan.pl
3.121.163.130,auth.eu-central-1.amazoncognito.com
8.23.224.110,hopto.me
192.104.182.109,townnews-staging.com
45.183.244.16,go.gov.br
185.168.19.128,gov.rs
65.9.95.10,static.observableusercontent.com
142.250.186.201,blogspot.ca
158.247.7.199,no-ip.biz
162.216.242.208,theworkpc.com
216.239.32.21,appspaceusercontent.com
151.101.0.249,global.prod.fastly.net
142.250.75.20,df.r.appspot.com
52.82.188.131,s3.cn-northwest-1.amazonaws.com.cn
162.216.242.208,accesscam.org
158.69.201.22,myiphost.com
162.55.0.137,bplaced.net
178.79.175.148,gov.ie
16.12.4.113,s3-ca-central-1.amazonaws.com
162.216.242.208,ooguy.com
200.238.107.167,pe.gov.br
37.221.192.226,goip.de
158.247.7.206,servebeer.com
192.248.1.189,ac.lk
179.27.169.133,gub.uy
168.138.216.227,dyndns-ip.com
142.250.186.201,blogspot.com.au
185.31.40.130,alwaysdata.net
54.153.56.183,jpn.com
158.247.7.206,servehttp.com
54.153.56.183,br.com
108.175.52.22,s3.us-gov-east-1.amazonaws.com
213.180.193.247,website.yandexcloud.net
168.138.216.227,dyndns-server.com
16.12.40.29,s3.dualstack.ap-south-1.amazonaws.com
158.247.7.206,ufcfan.org
158.247.7.206,servegame.com
130.61.69.238,dynalias.com
142.44.140.126,us-3.evennode.com
131.72.221.22,df.gov.br
152.19.134.196,fedorapeople.org
158.247.7.206,servepics.com
91.216.248.20,lima-city.de
178.210.74.11,ru.net
158.247.7.206,serveftp.com
16.12.11.60,s3-website.eu-north-1.amazonaws.com
158.247.7.206,3utilities.com
196.3.190.34,gov.jm
187.86.226.68,ms.gov.br
220.181.172.160,applinzi.com
200.242.37.26,am.gov.br
198.239.146.20,k12.wa.us
3.5.146.193,s3-website-ap-southeast-1.amazonaws.com
162.216.242.208,giize.com
188.121.227.54,tuxfamily.org
142.250.75.14,withyoutube.com
43.224.124.136,gov.lk
54.210.49.244,us.platform.sh
35.75.255.9,hatenablog.com
65.9.95.102,reserve-online.net
213.249.70.16,co.nl
162.216.242.208,ddnsfree.com
142.250.186.201,blogspot.com.es
54.153.56.183,mex.com
132.226.44.1,webhop.org
93.84.119.248,com.by
132.226.118.109,kicks-ass.net
185.15.56.49,wmflabs.org
3.5.128.20,s3-website.us-east-2.amazonaws.com
132.226.162.56,selfip.com
34.111.254.92,replit.dev
43.245.43.96,sa.gov.au
13.248.154.230,gov.scot
189.90.164.186,ce.gov.br
132.226.162.56,selfip.net
139.162.161.230,eu-central-1.linodeobjects.com
140.211.169.196,cloud.fedoraproject.org
132.226.162.56,dvrdns.org
85.114.136.161,home-webserver.de
131.252.210.176,freedesktop.org
108.59.160.10,rhcloud.com
195.12.114.75,gov.kz
158.247.7.206,myftp.biz
34.255.231.114,cloudapps.digital
142.250.203.201,blogspot.com.br
220.181.172.160,vipsinaapp.com
3.5.225.21,s3-eu-west-3.amazonaws.com
80.65.85.141,com.ba
190.14.106.3,gob.bo
20.102.59.111,gov.tt
34.194.77.64,notebook.us-east-1.sagemaker.aws
216.58.208.201,blogspot.co.id
142.250.203.201,blogspot.sg
142.250.203.201,blogspot.de
168.138.216.227,getmyip.com
54.76.136.188,eu.platform.sh
103.217.220.8,cloudjiffy.net
181.191.89.4,ma.gov.br
108.175.48.206,s3-fips-us-gov-west-1.amazonaws.com
162.216.242.208,gleeze.com
188.166.137.235,myshopblocks.com
54.153.56.183,ae.org
199.59.243.227,blogsite.xyz
142.250.203.201,blogspot.mx
216.58.215.73,blogspot.in
216.58.208.212,an.r.appspot.com
16.12.0.44,s3.dualstack.sa-east-1.amazonaws.com
158.247.7.206,webhop.me
142.250.203.137,blogspot.it
142.250.186.201,blogspot.ie
188.114.96.11,streaklinks.com
3.5.158.228,s3-website-ap-northeast-1.amazonaws.com
188.165.11.93,cloudns.org
168.138.216.227,dnsalias.org
34.117.33.233,replit.app
142.250.203.201,blogspot.co.nz
142.250.203.137,blogspot.pt
142.250.186.201,blogspot.fr
216.58.215.73,blogspot.ru
178.210.74.11,tashkent.su
187.62.128.44,rj.gov.br
5.78.24.5,omg.lol
23.170.80.10,gov.vc
142.250.203.137,blogspot.cz
66.33.206.96,dreamhosters.com
100.26.95.151,wpmudev.host
38.145.60.32,app.os.stg.fedoraproject.org
142.250.203.201,blogspot.nl
216.58.215.105,blogspot.pe
172.217.16.9,blogspot.se
127.0.0.1,crd.co
132.226.44.1,doomdns.com
158.247.7.206,myactivedirectory.com
194.226.41.15,net.ru
195.4.152.239,spdns.de
178.210.74.11,spb.su
158.247.7.206,unusualperson.com
153.19.250.251,gda.pl
116.202.2.255,iserv.dev
196.29.59.27,net.za
18.232.40.210,outsystemscloud.com
168.138.216.227,does-it.net
172.217.16.9,blogspot.hk
72.34.38.64,gr.com
178.210.74.11,cbg.ru
209.38.154.253,telebit.io
142.250.203.201,blogspot.com.co
172.217.16.9,blogspot.jp
168.138.216.227,dyndns-free.com
3.5.165.211,s3-website-ap-southeast-2.amazonaws.com
5.196.172.100,cloudns.asia
149.202.249.203,cloudns.biz
78.46.90.98,biz.at
35.232.203.55,azimuth.network
178.210.74.11,nov.su
178.210.74.11,msk.su
186.227.194.84,pa.gov.br
172.217.16.9,blogspot.gr
142.250.203.201,blogspot.my
142.250.186.201,blogspot.com.tr
34.205.242.146,certmgr.org
79.99.164.49,on-web.fr
52.95.142.44,s3-website.eu-west-2.amazonaws.com
142.250.186.201,blogspot.com.ar
91.216.248.20,de.cool
168.138.216.227,gotdns.com
142.250.75.9,blogspot.be
142.250.186.201,blogspot.com.eg
142.250.203.137,blogspot.bg
216.58.208.201,blogspot.com.ee
116.202.2.255,test-iserv.de
216.58.209.20,wn.r.appspot.com
178.210.74.11,nov.ru
91.216.248.20,4lima.de
158.247.7.206,servemp3.com
142.250.203.201,blogspot.ch
178.210.74.11,jambyl.su
185.30.233.153,nom.za
91.216.248.20,12hp.de
142.250.203.201,blogspot.cl
142.250.186.201,blogspot.fi
162.216.242.208,freeddns.org
178.210.74.11,bir.ru
142.250.186.201,blogspot.rs
132.226.118.109,dnsdojo.net
132.226.118.109,from-ga.com
78.46.90.98,info.at
132.226.44.1,podzone.net
201.49.173.84,mt.gov.br
142.251.143.73,blogspot.ro
178.210.74.11,exnet.su
132.226.118.109,servebbs.com
216.58.208.201,blogspot.co.ke
129.234.186.186,hepforge.org
85.114.136.161,myhome-server.de
168.138.216.227,homeftp.net
198.244.136.230,jelastic.team
94.130.186.61,qbuser.com
142.250.186.193,scf.usercontent.goog
178.210.74.11,vladikavkaz.ru
85.114.136.161,dyndns1.de
127.0.0.1,mcdir.me
132.226.44.1,readmyblog.org
178.210.74.11,georgia.su
178.210.74.11,ashgabad.su
172.217.16.9,blogspot.ug
91.216.248.20,lima.zone
127.0.53.53,arab
88.204.157.188,edu.kz
104.18.41.40,ipfs.nftstorage.link
132.226.162.56,is-an-accountant.com
158.69.201.22,mypi.co
217.182.141.81,opencraft.hosting
3.5.188.150,s3-ap-northeast-2.amazonaws.com
168.138.216.227,selfip.org
178.210.74.11,vladimir.su
91.216.248.20,1337.pictures
52.74.28.165,auth.ap-southeast-1.amazoncognito.com
201.62.44.147,es.gov.br
132.226.162.56,is-leet.com
178.210.74.11,ivanovo.su
93.93.131.3,lynx.mythic-beasts.com
162.55.0.137,square7.net
132.226.162.56,dyndns-home.com
132.226.118.109,hobby-site.org
16.12.36.12,s3-website.ap-south-1.amazonaws.com
100.21.12.108,studio.us-west-2.sagemaker.aws
91.216.248.20,2ix.at
178.210.74.11,abkhazia.su
13.248.252.114,ddnslive.com
132.226.162.56,from-dc.com
132.226.44.1,is-a-rockstar.com
18.203.208.26,studio.eu-west-1.sagemaker.aws
178.210.74.11,karaganda.su
130.211.106.249,mydobiss.com
93.93.131.127,yali.mythic-beasts.com
220.181.168.129,1kapp.com
178.210.74.11,azerbaijan.su
91.196.125.138,barsy.bg
142.250.203.137,blogspot.hr
142.250.186.201,blogspot.hu
85.114.136.161,dyn.ddnss.de
178.210.74.11,mangyshlak.su
142.250.75.9,blogspot.md
142.250.203.137,blogspot.mk
54.153.56.183,hu.net
54.153.56.183,se.net
127.0.0.10,aquila.it
142.250.186.201,blogspot.no
158.69.201.22,dnsup.net
178.210.74.11,kalmykia.su
178.210.74.11,khakassia.su
158.247.7.206,nflfan.org
142.250.203.137,blogspot.dk
142.250.203.137,blogspot.sk
130.211.30.230,official.academy
142.250.203.137,blogspot.lt
142.250.203.201,blogspot.lu
162.55.0.137,bplaced.de
178.32.127.193,eu-2.evennode.com
178.210.74.11,vologda.su
91.216.248.21,2ix.de
178.210.74.11,adygeya.ru
220.181.172.160,appchizi.com
178.210.74.11,bryansk.su
132.226.44.1,from-ut.com
95.163.53.117,hb.cldmail.ru
91.196.125.138,barsyonline.com
142.250.186.201,blogspot.li
172.217.16.9,blogspot.qa
149.202.249.203,cloudns.info
168.138.216.227,est-a-la-masion.com
185.80.94.84,jelastic.dogado.eu
178.210.74.11,kustanai.su
178.210.74.11,marine.ru
178.210.74.11,mordovia.su
178.210.74.11,penza.su
178.210.74.11,tula.su
142.250.203.201,blogspot.sn
168.138.216.227,doesntexist.com
178.210.74.11,obninsk.su
149.202.249.203,cloudns.cc
149.202.249.203,cloudns.eu
130.61.69.238,istmein.de
35.202.21.90,lpusercontent.com
46.235.227.111,sphinx.mythic-beasts.com
142.250.203.201,blogspot.com.mt
142.251.143.73,blogspot.com.uy
132.226.118.109,from-me.org
132.226.118.109,from-va.com
132.226.162.56,gets-it.net
178.210.74.11,kurgan.su
82.145.215.16,operaunite.com
16.12.0.3,s3-website-sa-east-1.amazonaws.com
162.55.0.137,square7.ch
178.210.74.11,dagestan.ru
168.138.216.227,from-de.com
132.226.118.109,is-a-green.com
91.216.248.20,lima-city.ch
62.113.233.136,community-pro.net
168.138.216.227,from-ar.com
91.216.248.20,lima-city.at
178.210.74.11,mytis.ru
158.247.7.206,pgafan.net
216.58.209.9,blogspot.ae
142.250.203.201,blogspot.co.at
142.250.203.137,blogspot.co.il
130.61.69.238,is-into-anime.com
178.210.74.11,nalchik.su
142.44.140.126,us-1.evennode.com
178.210.74.11,armenia.su
178.210.74.11,bashkiria.ru
142.250.203.201,blogspot.ba
142.250.203.201,blogspot.tw
82.65.178.240,en-root.fr
178.210.74.11,grozny.su
52.95.151.33,s3.eu-south-1.amazonaws.com
91.216.248.20,4lima.ch
132.226.118.109,isa-geek.com
213.251.134.98,pagexl.com
52.20.84.62,protonet.io
142.44.140.126,us-2.evennode.com
130.89.149.170,utwente.io
178.210.74.11,adygeya.su
142.250.75.9,blogspot.kr
178.210.74.11,navoi.su
16.12.5.128,s3-website.ca-central-1.amazonaws.com
132.226.118.109,webhop.info
168.138.216.227,blogdns.org
216.58.215.73,blogspot.si
178.210.74.11,kalmykia.ru
178.210.74.11,karelia.su
109.70.108.22,kyiv.ua
168.138.216.227,lebtimnetz.de
178.210.74.11,pyatigorsk.ru
158.69.201.22,vpndns.net
185.12.115.209,zp.ua
130.61.69.238,blogdns.net
142.250.203.201,blogspot.com.by
178.210.74.11,dagestan.su
132.226.44.1,is-by.us
178.210.74.11,mordovia.ru
142.250.186.196,codespot.com
91.216.248.20,lima-city.rocks
178.210.74.11,troitsk.su
132.226.118.109,webhop.biz
85.114.136.161,dyndns.ddnss.de
88.200.23.9,gitapp.si
178.210.74.11,karacol.su
178.210.74.11,kustanai.ru
178.210.74.11,lenug.su
158.247.7.199,noip.me
158.69.201.22,now-dns.net
132.226.162.56,podzone.org
178.210.74.11,sochi.su
54.70.47.240,syncloud.it
168.138.216.227,from-al.com
178.210.74.11,murmansk.su
132.226.162.56,servebbs.org
51.159.104.129,apps.lair.io
178.210.74.11,chimkent.su
151.101.130.133,fastly-terrarium.com
130.61.69.238,ftpaccess.cc
178.210.74.11,nalchik.ru
104.155.100.125,pixolino.com
162.55.0.137,square7.de
91.121.160.190,definima.net
178.32.127.193,eu-3.evennode.com
81.3.26.150,git-repos.de
168.138.216.227,is-a-teacher.com
132.226.162.56,is-very-sweet.org
91.216.248.20,12hp.at
91.216.248.20,2ix.ch
142.250.186.201,blogspot.com.cy
178.210.74.11,bukhara.su
194.126.200.213,cyon.link
178.210.74.11,east-kazakhstan.su
132.226.44.1,is-a-musician.com
178.210.74.11,kaluga.su
132.226.162.56,traeumtgerade.de
142.250.186.201,blogspot.al
158.69.201.22,dynserv.org
130.61.69.238,here-for-more.info
168.138.216.227,iamallama.com
178.210.74.11,krasnodar.su
178.210.74.11,north-kazakhstan.su
162.55.0.137,bplaced.com
158.69.201.22,hicam.net
132.226.118.109,is-a-nurse.com
62.113.233.136,myforum.community
178.210.74.11,tselinograd.su
127.0.0.1,uwu.ai
91.196.125.138,barsyonline.co.uk
46.235.224.165,ocelot.mythic-beasts.com
178.210.74.11,pokrovsk.su
91.216.248.20,webspace.rocks
79.137.69.205,2038.io
199.232.192.204,a.prod.fastly.net
216.58.215.73,blogspot.am
168.138.216.227,buyshouses.net
132.226.162.56,from-nh.com
178.210.74.11,grozny.ru
149.202.249.203,cloudns.pro
149.202.249.203,cloudns.pw
132.226.162.56,dnsdojo.org
168.138.216.227,from-la.net
178.210.74.11,termez.su
178.210.74.11,tuva.su
178.210.74.11,vladikavkaz.su
91.196.125.138,barsy.shop
217.70.184.38,cleverapps.io
149.202.249.203,cloudns.us
198.51.100.1,dopaas.com
132.226.162.56,is-a-linux-user.org
178.210.74.11,vladimir.ru
178.210.74.11,arkhangelsk.su
172.217.16.41,blogspot.co.za
62.113.233.136,diskussionsbereich.de
158.247.7.206,point2this.com
91.196.125.138,barsy.net
178.210.74.11,bashkiria.su
149.202.249.203,cloudns.in
16.12.18.28,s3-website.eu-west-3.amazonaws.com
91.196.125.138,barsy.online
87.229.103.124,boomla.net
158.69.201.22,now-dns.org
178.210.74.11,togliatti.su
178.210.74.11,balashov.su
34.110.178.183,bmoattachments.org
132.226.118.109,mypets.ws
91.216.248.20,trafficplex.cloud
132.226.118.109,barrel-of-knowledge.info
178.32.127.193,eu-4.evennode.com
142.250.203.137,blogspot.com.ng
142.250.186.201,blogspot.is
34.120.181.153,builtwithdark.com
93.93.131.30,onza.mythic-beasts.com
81.3.26.150,svn-repos.de
91.216.248.20,12hp.ch
83.65.246.198,futuremailing.at
92.51.96.177,gov.ge
85.114.136.161,dyn.home-webserver.de
141.255.217.8,gitpage.si
132.226.162.56,homeunix.org
46.21.228.130,hypernode.io
35.161.17.166,browsersafetymark.io
91.216.248.20,clan.rip
52.18.91.8,eu-1.evennode.com
127.0.0.1,onfabrica.com
151.80.25.64,oya.to
108.175.52.32,s3-fips.us-gov-east-1.amazonaws.com
185.26.156.194,0e.vc
216.239.32.27,pagespeedmobilizer.com
178.210.74.11,aktyubinsk.su
107.22.52.160,mock.pstmn.io
158.69.201.22,soundcast.me
188.114.96.11,bss.design
176.96.136.52,csx.cc
91.196.125.138,barsy.menu
151.101.130.196,shopware.store
51.154.68.67,b-data.io
143.198.235.115,filegear.me
158.69.201.22,ownip.net
213.171.210.105,pages.wiardweb.com
3.18.7.81,platter-app.com
158.69.201.22,x443.pw
217.70.184.55,loginline.dev
140.211.169.196,app.os.fedoraproject.org
18.204.145.77,eu.meteorapp.com
13.248.252.114,hzc.io
168.138.216.227,is-a-photographer.com
130.61.69.238,stuff-4-sale.us
76.76.21.93,vercel.dev
149.202.249.203,cloudns.club
168.138.216.227,from-hi.com
62.113.233.136,meinforum.net
188.114.96.11,omniwe.site
168.138.216.227,ath.cx
158.69.201.22,ntdll.top
91.216.248.20,4lima.at
185.12.115.200,dn.ua
158.69.201.22,freeddns.us
132.226.44.1,webhop.net
158.69.201.22,forumz.info
13.43.156.19,london.cloudapps.digital
209.38.154.253,telebit.app
142.250.75.20,el.r.appspot.com
216.58.215.84,oa.r.appspot.com
3.5.12.127,gotpantheon.com
162.216.242.208,webredirect.org
35.166.142.92,freemyip.com
207.154.196.42,vaporcloud.io
149.156.2.195,krakow.pl
217.70.184.55,loginline.app
193.108.130.23,lelux.site
51.159.62.18,s3.fr-par.scw.cloud
62.113.233.136,community-pro.de
35.180.87.3,drud.us
139.177.204.133,us-southeast-1.linodeobjects.com
54.216.59.82,vapor.cloud
104.21.22.247,stage.nodeart.io
13.248.141.131,ts.net
188.114.96.11,gentapps.com
213.157.68.249,aivencloud.com
151.101.130.137,myspreadshop.com
212.70.165.107,gov.lv
200.19.215.161,sc.gov.br
158.247.7.206,onthewifi.com
158.247.7.206,dynns.com
142.250.203.212,rj.r.appspot.com
88.99.64.5,dedyn.io
158.69.201.22,tcp4.me
116.202.120.165,torproject.net
34.196.122.110,vfs.cloud9.us-east-1.amazonaws.com
192.9.243.240,us.kg
132.226.118.109,dnsalias.net
162.216.242.208,camdvr.org
13.74.58.8,gov.cy
185.12.115.209,sumy.ua
123.176.25.10,gov.mv
141.193.213.30,js.wpenginepowered.com
62.201.160.30,spdns.org
66.42.119.191,cloudaccess.net
43.245.43.106,tas.gov.au
216.239.36.56,uk.gateway.dev
103.85.184.238,gov.mn
103.4.188.110,gov.bn
132.226.118.109,homelinux.net
80.92.225.121,kharkov.ua
217.20.166.231,odessa.ua
54.228.199.127,campaign.gov.uk
158.247.7.206,loginto.me
80.92.225.121,kh.ua
177.87.96.94,rn.gov.br
132.226.44.1,serveftp.net
162.216.242.208,casacam.net
134.255.217.76,zap.cloud
162.159.137.9,elementor.cloud
199.59.243.227,shiftedit.io
3.5.50.234,s3.me-central-1.amazonaws.com
35.75.255.9,hatenadiary.com
212.182.63.142,lublin.pl
158.247.7.206,servequake.com
18.190.140.180,studio.us-east-2.sagemaker.aws
193.40.65.61,edu.ee
162.216.242.208,ddnsgeek.com
193.23.157.14,kr.ua
142.250.203.148,wl.r.appspot.com
75.2.60.5,framer.website
185.12.115.209,lg.ua
52.95.175.38,s3.af-south-1.amazonaws.com
158.247.7.206,damnserver.com
18.178.209.49,official.ec
150.95.250.159,boy.jp
18.178.209.49,base.shop
146.166.133.14,k12.wy.us
172.233.128.219,us-lax-1.linodeobjects.com
185.132.160.21,gov.me
130.61.69.238,dyndns-web.com
85.114.136.161,ddnss.org
108.61.0.122,ewr1.vultrobjects.com
194.226.41.15,pp.ru
158.247.7.206,serveblog.net
197.221.227.139,gov.zw
151.101.0.144,api.gov.uk
51.159.68.35,dedibox.fr
162.55.237.202,nsupdate.info
54.212.130.123,ngrok-free.app
158.247.7.206,servesarcasm.com
95.169.160.30,keymachine.de
185.26.156.78,uber.space
45.86.125.66,dnshome.de
31.28.161.196,ks.ua
131.72.217.196,to.gov.br
35.189.201.134,drayddns.com
69.164.211.158,mydrobo.com
212.112.98.134,gov.kg
200.164.109.54,pb.gov.br
185.15.56.49,wmcloud.org
204.19.241.67,mayfirst.org
104.21.4.174,sellfy.store
132.226.162.56,homedns.org
91.201.52.194,na4u.ru
103.78.116.169,gov.bt
142.250.186.212,uw.r.appspot.com
85.142.19.10,edu.ru
66.213.127.206,lib.oh.us
149.126.77.150,notaires.fr
195.69.222.130,zt.ua
202.213.125.97,iobb.net
151.139.242.25,vps-host.net
197.243.22.155,gov.rw
130.111.32.70,lib.me.us
62.201.160.30,spdns.eu
172.232.160.177,us-sea-1.linodeobjects.com
91.216.245.103,logoip.de
193.201.116.3,km.ua
52.95.172.9,s3.me-south-1.amazonaws.com
193.239.44.97,beep.pl
104.197.7.246,edu.tt
91.232.154.11,kapsi.fi
158.247.7.199,no-ip.net
130.111.32.70,k12.me.us
197.13.10.134,oxa.cloud
158.247.7.206,servecounterstrike.com
132.226.162.56,dontexist.com
35.75.255.9,hatenadiary.org
54.212.130.123,ngrok.app
31.28.161.196,kherson.ua
54.201.63.99,mypep.link
185.253.215.12,co.pl
3.5.238.150,s3-website.ap-east-1.amazonaws.com
52.95.177.57,s3.dualstack.ap-southeast-3.amazonaws.com
216.239.36.56,nw.gateway.dev
179.252.115.120,ac.gov.br
130.61.69.238,dnsdojo.com
132.226.162.56,gotdns.org
20.106.104.49,radio.fm
187.17.3.22,se.gov.br
52.82.188.162,s3-website.cn-northwest-1.amazonaws.com.cn
87.242.66.56,mil.ru
51.159.77.35,stackhero-network.com
158.247.7.206,homesecuritymac.com
185.185.170.35,iki.fi
144.91.77.85,ownprovider.com
158.247.7.206,workisboring.com
185.206.180.182,cloudns.be
46.30.213.73,simplesite.com
158.247.7.206,mypsx.net
45.32.96.10,sgp1.vultrobjects.com
211.72.207.210,url.tw
34.120.54.55,deno.dev
130.61.69.238,dyndns.ws
217.197.80.11,in-berlin.de
35.75.255.9,hateblo.jp
185.174.235.85,it.com
100.25.175.5,pro.typeform.com
13.248.194.103,gov.cl
158.247.7.206,dnsfor.me
87.98.154.146,cluster026.hosting.ovh.net
167.21.84.78,lib.de.us
52.219.228.128,nyc.mn
116.203.134.179,schulserver.de
85.188.1.23,dy.fi
34.209.98.119,element--jd-g-aj-ac35-es.quipelements.com
127.0.0.1,mcdir.ru
164.160.41.85,gouv.ci
34.111.225.228,boutir.com
35.75.255.9,hatenablog.jp
202.5.205.98,edu.mn
104.26.12.24,w-corp-staticblitz.com
15.200.106.137,auth-fips.us-gov-west-1.amazoncognito.com
18.139.206.109,studio.ap-southeast-1.sagemaker.aws
95.217.42.178,taifun-dns.de
104.26.8.149,w-credentialless-staticblitz.com
199.116.78.60,cloudaccess.host
5.45.125.44,fastvps-server.com
158.247.7.206,servehalflife.com
158.247.7.206,servep2p.com
34.253.35.50,notebook.eu-west-1.sagemaker.aws
212.129.44.36,port.fr
158.75.35.16,torun.pl
51.195.195.242,cloudns.cl
34.209.98.119,element--q-y-u-aj-a-g-nx-io.quipelements.com
132.226.118.109,homelinux.com
81.3.26.174,lcube-server.de
162.216.242.208,loseyourip.com
158.247.7.206,net-freaks.com
18.158.249.75,eu.ngrok.io
158.247.7.199,noip.us
158.247.7.206,serveminecraft.net
132.226.118.109,from-ks.com
3.6.6.77,auth.ap-south-1.amazoncognito.com
158.247.7.206,dnsiskinky.com
3.227.176.136,postman-echo.com
158.247.7.206,servehumour.com
13.54.185.86,auth.ap-southeast-2.amazoncognito.com
3.96.19.242,auth.ca-central-1.amazoncognito.com
132.226.118.109,dyndns-remote.com
216.239.36.56,ew.gateway.dev
158.247.7.206,homesecuritypc.com
201.2.96.78,ro.gov.br
158.247.7.206,privatizehealthinsurance.net
158.247.7.206,ciscofreak.com
150.95.250.159,main.jp
20.106.104.49,radio.am
16.12.9.25,s3-eu-north-1.amazonaws.com
108.175.54.34,s3-us-gov-east-1.amazonaws.com
158.247.7.206,stufftoread.com
158.247.7.206,pointto.us
104.18.18.184,vp4.me
160.251.102.56,f5.si
54.222.112.62,s3-website.cn-north-1.amazonaws.com.cn
155.138.180.2,sjc1.vultrobjects.com
35.75.255.9,hatenadiary.jp
52.95.181.57,s3.ap-northeast-3.amazonaws.com
158.247.7.206,securitytactics.com
34.209.98.119,element--xd-j-aj-a-n5-jbi.quipelements.com
170.185.15.60,k12.ky.us
158.247.7.206,geekgalaxy.com
168.138.216.227,dyndns-at-work.com
104.21.92.83,mcpe.me
196.29.59.27,web.za
146.59.33.164,art.pl
195.234.4.26,inf.ua
158.247.7.206,blogsyte.com
158.247.7.206,mysecuritycamera.com
158.247.7.206,quicksytes.com
52.8.242.204,auth.us-west-1.amazoncognito.com
79.127.215.180,cci.fr
132.226.162.56,dynalias.net
76.76.21.21,supabase.in
132.226.44.1,dyndns-work.com
145.239.30.219,gdynia.pl
94.124.122.6,co.no
158.247.7.206,dvrcam.info
65.9.95.56,framercanvas.com
188.68.62.251,bci.dnstrace.pro
194.126.200.42,cyon.site
130.61.69.238,dynalias.org
18.178.209.49,shopselect.net
213.244.86.40,gov.ps
3.5.52.214,s3.eu-central-2.amazonaws.com
185.62.149.41,feste-ip.net
158.247.7.206,mysecuritycamera.net
158.247.7.206,serveexchange.com
153.19.239.55,gdansk.pl
61.159.93.108,canva-apps.cn
185.105.35.11,cloudns.nz
104.18.0.125,gov.gd
0.0.0.0,mysecuritycamera.org
158.247.7.206,nhlfan.net
158.247.7.206,read-books.org
59.106.18.132,sblo.jp
158.247.7.206,mydissent.net
197.155.158.28,gouv.ml
206.63.229.37,k12.id.us
158.247.7.206,mlbfan.org
158.247.7.199,no-ip.co.uk
195.234.4.26,ltd.ua
54.36.82.125,avocat.fr
132.226.162.56,homelinux.org
158.247.7.206,mymediapc.net
168.138.216.227,myphotos.cc
161.53.160.228,from.hr
13.93.218.150,rackmaze.com
132.226.162.56,thruhere.net
18.178.209.49,base.ec
157.7.44.197,heteml.net
195.69.185.101,kharkiv.ua
185.41.8.39,temp-dns.com
158.247.7.206,cable-modem.org
177.84.201.246,ap.gov.br
158.247.7.206,brasilia.me
107.181.238.82,co.business
141.193.213.10,africa.com
94.23.66.51,cloudns.ch
158.247.7.206,collegefan.org
142.250.203.212,et.r.appspot.com
158.247.7.206,health-carereform.com
217.70.184.38,loginline.services
158.247.7.199,no-ip.ca
158.247.7.206,golffan.us
212.106.184.5,bielsko.pl
158.247.7.206,fantasyleague.cc
158.247.7.206,myeffect.net
104.26.10.19,w-staticblitz.com
44.210.182.21,auth-fips.us-east-1.amazoncognito.com
195.234.4.26,cc.ua
104.26.10.141,channelsdvr.net
158.247.7.206,couchpotatofries.org
158.247.7.206,mmafan.biz
34.212.23.211,ngrok.dev
82.151.65.210,gov.mr
85.24.248.130,iopsys.se
209.94.90.1,ipns.dweb.link
168.138.216.227,sells-it.net
158.247.7.206,ditchyourip.com
77.79.221.129,shoparena.pl
213.138.96.4,uk0.bigv.io
132.226.118.109,blogdns.com
130.61.69.238,cechire.com
35.227.220.44,gehirn.ne.jp
158.247.7.206,ilovecollege.info
204.234.17.135,k12.ne.us
51.158.76.187,k8s.fr-par.scw.cloud
162.241.156.11,lib.ms.us
81.172.129.161,nl.eu.org
35.166.183.238,notebook.us-west-2.sagemaker.aws
132.226.44.1,ham-radio-op.net
185.105.35.11,cloudns.ph
41.207.52.196,gov.mg
132.226.44.1,office-on-the.net
103.224.212.214,cloud-fr1.unispace.io
52.222.139.102,demon.nl
185.206.180.130,dns-cloud.net
172.217.16.20,du.r.appspot.com
158.247.7.206,eating-organic.net
93.174.130.82,ras.ru
13.112.97.50,auth.ap-northeast-1.amazoncognito.com
37.128.131.171,miniserver.com
72.232.173.214,tm.za
195.88.51.13,dkonto.pl
151.101.129.55,hlx.live
5.9.228.67,crimea.ua
132.226.118.109,from-pr.com
41.203.191.44,gov.ls
89.188.43.10,ac.me
213.222.211.90,unicloud.pl
35.71.144.225,zeabur.app
216.58.209.20,as.r.appspot.com
104.21.67.42,cdn-edges.net
195.182.95.146,gov.lt
195.80.123.142,riik.ee
35.160.234.166,vfs.cloud9.us-west-2.amazonaws.com
188.114.96.11,gentlentapis.com
91.208.207.147,cellar-c2.services.clever-cloud.com
63.250.43.132,ingress-erytho.ewp.live
142.250.203.148,nn.r.appspot.com
185.12.115.209,sm.ua
195.88.51.10,dfirma.pl
132.226.118.109,dyndns-office.com
199.80.64.202,lib.la.us
130.61.69.238,is-a-guru.com
192.96.24.1,edu.za
132.226.118.109,homeunix.net
104.197.28.173,sandcats.io
142.250.186.212,ts.r.appspot.com
195.246.101.212,freight.aero
196.13.208.87,gov.sc
162.216.242.208,myddns.rocks
132.226.162.56,selfip.biz
168.138.216.227,better-than.tv
168.138.216.227,likescandy.com
37.59.142.190,moonscale.net
151.101.1.195,nerdpol.ovh
63.250.43.128,ingress-earth.ewp.live
18.158.249.75,us.ngrok.io
109.95.156.1,you2.pl
175.176.147.36,gov.to
37.128.131.171,memset.net
185.204.217.250,cfolks.pl
3.210.168.61,emrnotebooks-prod.us-east-1.amazonaws.com
51.158.211.0,s3.nl-ams.scw.cloud
153.107.134.83,schools.nsw.edu.au
172.232.0.218,us-ord-1.linodeobjects.com
138.199.37.231,bip.sh
185.206.180.182,dns-dynamic.net
46.43.66.107,plo.ps
52.215.157.134,service.gov.scot
193.243.158.4,vinnica.ua
132.226.44.1,is-a-geek.com
34.90.225.198,webadorsite.com
63.250.43.13,ingress-daribow.ewp.live
130.61.69.238,from-fl.com
130.61.69.238,kicks-ass.org
3.5.238.223,s3.dualstack.ap-east-1.amazonaws.com
195.215.112.238,dk.eu.org
65.19.141.66,heliohost.us
168.138.216.227,is-certified.com
188.114.96.11,platform0.app
104.21.71.47,servebolt.cloud
216.239.36.56,an.gateway.dev
132.226.44.1,doesntexist.org
142.250.203.148,lm.r.appspot.com
150.95.250.159,sub.jp
54.207.49.17,auth.sa-east-1.amazoncognito.com
103.16.128.100,bnr.la
104.21.27.108,craft.me
185.12.115.209,donetsk.ua
132.226.44.1,dyndns-at-home.com
132.226.162.56,homeunix.com
54.91.92.129,qoto.io
51.91.236.193,cluster028.hosting.ovh.net
107.181.238.82,co.network
168.138.216.227,dyndns-mail.com
78.41.116.132,wien.funkfeuer.at
192.124.249.69,gov.kn
192.4.1.22,perspecta.cloud
3.5.236.155,s3-ap-east-1.amazonaws.com
3.5.33.73,s3.eu-south-2.amazonaws.com
132.226.162.56,broke-it.net
164.58.253.30,cc.ok.us
51.91.236.255,cluster029.hosting.ovh.net
104.21.12.244,half.host
34.255.74.215,ravpage.co.il
16.12.11.57,s3.dualstack.eu-north-1.amazonaws.com
168.138.216.227,serveftp.org
103.169.142.250,adoboboymenu.my.canva.site
173.199.112.10,ams1.vultrobjects.com
18.158.249.75,ap.ngrok.io
127.0.0.1,ju.mp
151.101.130.137,myspreadshop.de
37.97.254.27,opensocial.site
150.95.250.159,ciao.jp
130.61.69.238,dyn-o-saur.com
18.194.5.49,eu.pythonanywhere.com
51.158.76.187,fnc.fr-par.scw.cloud
199.116.78.60,freesite.host
31.170.127.140,gov.gi
104.18.32.221,no.com
198.251.84.236,prvcy.page
61.194.4.221,wafflecell.com
150.95.250.159,chicappa.jp
217.197.91.145,codeberg.page
130.61.69.238,doomdns.org
168.138.216.227,from-pa.com
212.70.194.229,gr.eu.org
185.199.108.153,is-a.dev
164.58.253.30,lib.ok.us
132.226.118.109,blogsite.org
212.70.194.229,cy.eu.org
130.61.69.238,dynathome.net
130.61.69.238,from-nj.com
132.226.118.109,from-wy.com
63.250.43.144,ingress-haven.ewp.live
132.226.44.1,is-a-geek.net
18.158.249.75,sa.ngrok.io
77.221.159.235,xn--90amc.xn--p1acf
103.169.142.250,browartstudios.my.canva.site
107.181.238.82,co.place
3.134.236.230,dev-myqnapcloud.com
132.226.118.109,from-il.com
132.226.44.1,game-host.org
172.233.64.155,jp-osa-1.linodeobjects.com
188.114.96.11,noticeable.news
199.116.78.60,wpdevcloud.com
34.209.98.119,element-e-w-j-aj-a-hh-o-xa.quipelements.com
132.226.118.109,from-ct.com
132.226.118.109,from-mi.com
132.226.118.109,from-tx.com
103.169.142.250,imaginelearning.my.canva.site
168.138.216.227,leitungsen.de
132.226.162.56,likes-pie.com
217.160.92.99,org.uz
132.226.44.1,teaches-yoga.com
145.239.37.162,cluster030.hosting.ovh.net
146.59.209.152,cluster031.hosting.ovh.net
132.226.162.56,endofinternet.net
127.0.0.1,eurodir.ru
216.239.32.21,flutterflow.app
168.138.216.227,from-ca.com
132.226.118.109,is-a-chef.com
168.138.216.227,servebbs.net
172.233.160.187,us-mia-1.linodeobjects.com
150.95.250.159,chu.jp
168.138.216.227,endoftheinternet.org
132.226.162.56,from-ia.com
132.226.162.56,is-very-good.org
13.58.144.131,notebook-fips.us-east-2.sagemaker.aws
108.175.53.7,s3.dualstack.us-gov-east-1.amazonaws.com
46.30.213.77,123hjemmeside.dk
164.132.235.17,cluster023.hosting.ovh.net
132.226.44.1,from-sc.com
195.80.123.179,gov.ee
185.40.52.188,in.futurecms.at
103.169.142.250,terracotacabanastapalpa.my.canva.site
209.17.116.160,4u.com
107.181.238.82,co.education
132.226.118.109,dontexist.org
132.226.44.1,is-a-bruinsfan.org
132.226.118.109,is-a-liberal.com
132.226.118.109,is-a-techie.com
132.226.162.56,is-saved.org
132.226.118.109,is-very-bad.org
150.95.250.159,moo.jp
211.72.207.210,twmail.org
192.96.24.1,alt.za
168.138.216.227,boldlygoingnowhere.org
5.135.219.33,definima.io
185.40.52.188,dev.futurecms.at
130.61.69.238,dyndns-blog.com
34.209.98.119,element--t-p-v-aj-a9-r-er-p.quipelements.com
75.2.60.5,framer.ai
132.226.44.1,from-id.com
132.226.118.109,from-ri.com
168.138.216.227,is-a-doctor.com
130.61.69.238,is-a-llama.com
103.169.142.250,lovedconceptsph.my.canva.site
199.59.243.227,onred.one
168.138.216.227,simple-url.com
3.234.157.147,spacekit.io
193.200.255.44,v.ua
130.61.69.238,at-band-camp.net
34.209.98.119,element--jb-n-aj-a-z14no.quipelements.com
185.40.52.188,ex.futurecms.at
130.61.69.238,from-md.com
132.226.162.56,from-wv.com
204.13.248.119,home.dyndns.org
217.197.80.11,in-vpn.net
132.226.118.109,is-lost.org
161.53.160.228,iz.hr
132.226.118.109,knowsitall.info
85.119.82.48,lug.org.uk
85.119.82.48,lugs.org.uk
151.101.130.137,myspreadshop.net
65.9.95.10,onavstack.net
91.194.60.101,pimienta.org
104.156.252.133,ravendb.community
103.169.142.250,ziqianverawang.my.canva.site
103.169.142.250,academiaindiradigital.my.canva.site
83.65.246.198,at.futurecms.at
91.121.237.195,chirurgiens-dentistes-en-france.fr
132.226.118.109,dontexist.net
34.209.98.119,element--k-o-r-aj-a-y-h-e50.quipelements.com
132.226.162.56,from-mo.com
132.226.44.1,game-server.cc
132.226.162.56,is-a-bookkeeper.com
91.216.245.103,logoip.com
202.28.1.60,online.th
91.194.60.101,poivron.org
16.12.0.39,s3-website.sa-east-1.amazonaws.com
130.61.69.238,selfip.info
86.111.240.161,sopot.pl
193.230.31.206,www.ro
101.0.108.10,aliases121.com
132.226.118.109,from-ky.com
132.226.44.1,from-mt.com
132.226.118.109,from-ok.com
204.13.248.119,go.dyndns.org
208.90.112.13,gov.ms
203.98.227.16,gov.nr
130.61.69.238,is-a-hunter.com
132.226.162.56,is-found.org
130.61.69.238,is-very-nice.org
164.151.132.40,mil.za
85.188.1.24,tunk.org
76.76.21.21,typedream.app
213.186.33.19,cluster010.hosting.ovh.net
107.181.238.82,co.technology
132.226.118.109,from-az.net
132.226.162.56,from-nm.com
132.226.118.109,from-ny.net
132.226.44.1,from-wa.com
132.226.118.109,hobby-site.com
13.248.169.48,homelink.one
217.197.80.11,in-vpn.de
195.128.64.10,int.ru
132.226.162.56,is-a-geek.org
132.226.118.109,is-an-artist.com
132.226.44.1,isa-geek.net
130.61.69.238,isa-geek.org
151.101.130.137,myspreadshop.ca
151.101.130.137,myspreadshop.co.uk
91.194.60.100,potager.org
132.226.44.1,stuff-4-sale.org
10.0.0.1,web.pk
52.222.139.102,xs4all.space
54.36.91.62,cluster027.hosting.ovh.net
107.181.238.82,co.events
210.155.3.54,dojin.com
104.18.6.12,encr.app
168.138.216.227,from-ms.com
132.226.44.1,from-wi.com
18.158.249.75,in.ngrok.io
132.226.162.56,is-very-evil.org
78.152.160.15,khmelnitskiy.ua
116.202.2.255,mein-iserv.de
172.233.33.241,nl-ams-1.linodeobjects.com
104.21.31.144,streak-link.com
185.199.108.153,webthings.io
103.169.142.250,zifulilywang.my.canva.site
54.225.230.97,alpha-myqnapcloud.com
150.95.250.159,boo.jp
85.114.136.161,dyn-ip24.de
132.226.162.56,from-in.com
132.226.118.109,from-or.com
132.226.118.109,is-a-chef.net
130.61.69.238,is-a-nascarfan.com
132.226.44.1,is-slick.com
193.108.200.10,kaas.gg
79.96.185.31,krasnik.pl
217.160.92.99,net.uz
143.244.205.254,realm.cz
77.235.182.91,static-access.net
91.194.60.101,sweetpepper.org
18.178.209.49,buyshop.jp
91.121.237.195,byen.site
107.181.238.82,co.financial
52.32.173.150,development.run
1.1.1.1,drud.io
103.169.142.250,dwbeepasscampaigns.my.canva.site
130.61.69.238,from-ak.com
132.226.118.109,from-nd.com
132.226.44.1,from-tn.com
132.226.118.109,from-vt.com
132.226.44.1,in-the-band.net
132.226.162.56,is-a-caterer.com
132.226.162.56,is-a-libertarian.com
132.226.162.56,is-a-patsfan.org
132.226.162.56,is-an-actress.com
212.70.163.65,mil.lv
127.0.0.1,ngo.za
5.9.228.67,sebastopol.ua
3.123.159.19,studio.eu-central-1.sagemaker.aws
137.184.252.128,syd1.digitaloceanspaces.com
142.250.75.20,wm.r.appspot.com
130.61.69.238,writesthisblog.com
195.150.14.11,zakopane.pl
91.196.125.138,barsy.club
213.133.103.8,curv.dev
103.15.187.233,d.gv.vc
217.174.211.84,experts-comptables.fr
168.138.216.227,from-mn.com
65.19.141.66,helioho.st
132.226.118.109,homeftp.org
132.226.44.1,is-a-anarchist.com
130.61.69.238,is-a-chef.org
168.138.216.227,is-a-player.com
132.226.162.56,is-a-student.com
132.226.162.56,is-gone.com
132.226.44.1,is-into-games.com
132.226.44.1,issmarterthanyou.com
77.235.182.82,knx-server.net
196.41.123.53,law.za
168.138.216.227,misconfused.org
132.226.118.109,neat-url.com
196.41.123.126,nis.za
132.226.118.109,on-the-web.tv
108.175.50.184,s3.dualstack.us-gov-west-1.amazonaws.com
130.61.69.238,sellsyourhome.org
18.223.245.149,vfs.cloud9.us-east-2.amazonaws.com
173.255.231.96,website-us-east-1.linodeobjects.com
104.18.42.227,www.digitaloceanspaces.com
195.69.222.130,zhitomir.ua
103.169.142.250,appleonescholarshipfoundation.my.canva.site
130.61.69.238,dyndns-wiki.com
82.208.8.56,e4.cz
34.134.222.212,edgestack.me
35.161.3.3,emrnotebooks-prod.us-west-2.amazonaws.com
168.138.216.227,endofinternet.org
132.226.162.56,for-our.info
132.226.44.1,from-ma.com
132.226.162.56,from-nc.com
132.226.44.1,from-ne.com
130.61.69.238,from-oh.com
168.138.216.227,groks-this.info
130.61.69.238,is-a-blogger.com
132.226.44.1,is-a-hard-worker.com
132.226.118.109,is-a-socialist.com
132.226.118.109,is-not-certified.com
185.56.187.202,mil.no
89.207.248.65,router.management
142.250.203.129,safeframe.usercontent.goog
135.181.44.50,small-web.org
91.196.125.138,barsy.site
192.133.99.13,cc.nm.us
149.202.249.203,cloudns.cx
132.226.118.109,from-sd.com
197.255.224.8,gouv.km
34.100.212.184,id.repl.co
18.168.74.199,instances.spawn.cc
132.226.118.109,is-a-cubicle-slave.com
132.226.162.56,is-a-republican.com
132.226.44.1,is-a-soxfan.org
168.138.216.227,is-into-cars.com
132.226.118.109,is-into-cartoons.com
196.29.58.45,jozi.biz
52.32.159.199,mazeplay.com
217.174.238.53,mil.tm
103.169.142.250,mvweddingrsvp.my.canva.site
151.101.130.137,myspreadshop.ie
161.53.160.228,name.hr
150.95.250.159,oops.jp
5.150.254.174,principe.st
16.12.12.21,s3.il-central-1.amazonaws.com
211.72.207.210,twmail.cc
217.115.162.97,veterinaire.fr
91.196.125.138,barsy.pro
130.111.32.70,cc.me.us
77.235.182.82,dnsupdater.de
132.226.162.56,for-more.biz
132.226.118.109,from-co.net
132.226.162.56,from-nv.com
132.226.118.109,groks-the.info
162.255.119.160,hostyhosting.io
202.1.203.100,info.mv
130.61.69.238,is-a-bulls-fan.com
130.61.69.238,is-an-anarchist.com
132.226.162.56,is-an-entertainer.com
212.182.125.67,leczna.pl
211.72.207.210,mymailer.com.tw
18.162.107.25,notebook.ap-east-1.sagemaker.aws
202.74.69.220,nz.basketball
193.148.166.89,runs.onstackit.cloud
146.192.201.19,stat.no
91.218.160.22,test.tj
35.223.146.225,tlon.network
211.72.207.210,twmail.net
52.211.196.123,vfs.cloud9.eu-west-1.amazonaws.com
91.196.125.138,barsy.uk
103.169.142.250,buildclinicalmaterials.my.canva.site
130.61.69.238,est-a-la-maison.com
168.138.216.227,est-le-patron.com
168.138.216.227,for-the.biz
18.66.233.118,gsj.bz
77.235.182.82,internet-dns.de
132.226.44.1,is-a-candidate.org
132.226.118.109,is-a-financialadvisor.com
168.138.216.227,is-a-personaltrainer.com
185.12.115.209,lugansk.ua
176.58.102.227,nic.za
108.175.48.173,s3-website-us-gov-west-1.amazonaws.com
168.138.216.227,scrapping.cc
212.182.63.142,swidnik.pl
103.169.142.250,vuhl.my.canva.site
103.169.142.250,24-25-lpac-directory.my.canva.site
185.46.22.111,aip.ee
91.196.125.138,barsy.de
91.196.125.138,barsy.me
123.49.12.112,dns.bd
185.62.149.41,dynamic-dns.info
108.138.51.14,eero.online
35.161.3.3,emrappui-prod.us-west-2.amazonaws.com
132.226.44.1,est-mon-blogueur.com
168.138.216.227,forgot.his.name
212.23.5.205,grondar.za
46.235.227.111,hostedpi.com
217.197.80.11,in-dsl.de
63.250.43.10,ingress-baronn.ewp.live
63.250.43.136,ingress-florina.ewp.live
132.226.44.1,is-a-designer.com
132.226.162.56,is-a-painter.com
130.61.69.238,is-an-engineer.com
195.78.66.96,lubartow.pl
159.253.23.131,myfast.space
151.101.130.137,myspreadshop.com.au
144.91.77.85,own.pm
3.5.45.233,s3.ap-south-2.amazonaws.com
52.95.166.13,s3.ap-southeast-4.amazonaws.com
132.226.118.109,saves-the-whales.com
130.61.69.238,sells-for-less.com
132.226.118.109,sells-for-u.com
132.226.44.1,servegame.org
132.226.162.56,space-to-rent.com
80.88.85.16,trentinosudtirol.it
132.226.162.56,worse-than.tv
5.9.228.67,yalta.ua
51.104.28.64,affinitylottery.org.uk
142.251.143.73,blogspot.cv
46.105.57.169,cluster020.hosting.ovh.net
132.226.44.1,dyndns-pics.com
34.209.98.119,element--kf-r-aj-a-m-aia6.quipelements.com
132.226.118.109,forgot.her.name
85.119.82.48,glug.org.uk
13.227.146.32,hotelwithflight.com
217.197.80.11,in-butter.de
130.61.69.238,is-a-cpa.com
130.61.69.238,is-a-therapist.com
130.61.69.238,is-an-actor.com
168.138.216.227,is-uberleet.com
132.226.162.56,isteingeek.de
202.1.203.100,mil.mv
159.253.23.131,myfast.host
5.135.153.125,oy.lc
213.210.34.143,pages.gay
34.117.76.210,pubtls.org
199.59.243.227,staging.onred.one
52.197.137.178,vfs.cloud9.ap-northeast-1.amazonaws.com
199.15.163.128,wixstudio.com
185.12.115.209,zaporizhzhe.ua
91.196.125.138,barsy.info
142.250.203.201,blogspot.bj
52.222.139.102,cistron.nl
202.1.203.100,coop.mv
197.255.224.69,edu.km
132.226.44.1,fuettertdasnetz.de
168.138.216.227,is-a-democrat.com
130.61.69.238,is-a-knight.org
132.226.44.1,is-a-lawyer.com
132.226.118.109,is-with-theband.com
130.61.69.238,isa-hockeynut.com
192.133.99.13,lib.nm.us
93.93.135.80,oncilla.mythic-beasts.com
13.227.146.113,pymnt.uk
108.175.53.36,s3-fips.dualstack.us-gov-east-1.amazonaws.com
104.22.76.73,shop.paywhirl.com
3.10.78.137,studio.eu-west-2.sagemaker.aws
139.144.192.169,us-iad-1.linodeobjects.com
91.196.125.138,barsy.co.uk
91.196.125.138,barsy.mobi
91.196.125.138,barsy.pub
91.196.125.138,barsycenter.com
3.5.134.113,boxfuse.io
188.165.53.185,cluster021.hosting.ovh.net
13.248.169.48,crafting.xyz
103.169.142.250,fgdsgd.my.canva.site
132.226.44.1,is-a-celticsfan.org
193.23.157.14,kirovograd.ua
77.235.182.82,l-o-g-i-n.de
217.70.184.38,loginline.io
18.223.236.81,notebook.us-east-2.sagemaker.aws
178.63.68.96,schokokeks.net
192.64.119.222,storj.farm
127.0.53.53,xn--ngbrx
194.79.57.145,altoadige.it
103.169.142.250,arendelle-childrens-choir.my.canva.site
18.158.249.75,au.ngrok.io
217.70.184.38,avoues.fr
91.196.125.138,barsy.eu
142.250.203.137,blogspot.cf
213.186.33.40,cluster011.hosting.ovh.net
45.55.110.124,co.bn
159.253.23.131,fastvps.site
132.226.118.109,for-some.biz
174.138.102.152,hashbang.sh
63.250.43.5,ingress-comporellon.ewp.live
168.138.216.227,is-a-conservative.com
185.199.108.153,is-cool.dev
13.248.243.5,kids.us
34.120.54.55,rt.ht
3.5.146.36,s3-website.ap-southeast-1.amazonaws.com
104.21.92.2,school.na
104.18.0.101,shared.lcl.dev
202.28.1.60,shop.th
197.81.192.86,za.bz
185.12.115.209,zaporizhzhia.ua
46.30.213.82,123website.nl
104.22.76.73,app.paywhirl.com
91.196.125.138,barsy.org
212.64.220.170,betainabox.com
83.65.246.198,com.futurecms.at
217.197.80.11,dyn-berlin.de
3.210.168.61,emrappui-prod.us-east-1.amazonaws.com
172.233.111.121,es-mad-1.linodeobjects.com
168.138.216.227,for-better.biz
83.64.177.229,futurehosting.at
197.255.224.8,gov.km
139.162.17.173,gov.pn
217.197.80.11,in-dsl.net
217.197.80.11,in-vpn.org
193.108.200.10,khplay.nl
103.169.142.250,mccloy.my.canva.site
165.160.13.20,mydatto.com
75.2.75.95,noop.app
103.169.142.250,nordeweeklyupdate.my.canva.site
94.23.123.246,ovhcloud-fr-1.webpaas.ovh.net
188.114.96.11,pgfog.com
150.95.250.159,raindrop.jp
104.156.252.133,ravendb.run
52.218.44.156,s3-website.eu-west-1.amazonaws.com
5.150.254.174,saotome.st
132.226.162.56,scrapper-site.net
157.90.252.209,voorloper.cloud
216.239.36.56,wm.gateway.dev
91.196.125.138,barsy.io
24.144.86.125,cnpy.gdn
185.62.149.41,dynamisches-dns.de
159.253.23.131,fastvps.host
150.95.250.159,holy.jp
217.197.80.11,in-brb.de
217.197.80.11,in-dsl.org
84.247.134.64,info.na
18.158.249.75,jp.ngrok.io
78.152.160.15,khmelnytskyi.ua
168.138.216.227,land-4-sale.us
202.1.203.100,museum.mv
57.128.83.36,mytuleap.com
66.199.188.39,web.in
168.138.216.227,barrell-of-knowledge.info
91.196.125.138,barsy.ca
213.186.33.17,cluster006.hosting.ovh.net
91.208.207.204,domain-par-clevercloud-admin-customers.services.clever-cloud.com
142.250.203.148,dt.r.appspot.com
34.209.98.119,element--g-f-d-aj-a-l-q-he8.quipelements.com
34.250.124.183,emrnotebooks-prod.eu-west-1.amazonaws.com
178.79.150.199,gov.fk
172.105.27.99,grayjayleagues.com
103.169.142.250,houstonms.my.canva.site
202.1.203.100,int.mv
164.82.40.33,k12.dc.us
127.0.0.1,lk3.ru
185.134.245.113,mosvik.no
34.222.178.168,ngrok.pizza
34.212.23.211,ngrok.pro
150.95.250.159,noor.jp
18.130.9.174,notebook.eu-west-2.sagemaker.aws
103.169.142.250,nptest.my.canva.site
116.202.120.180,pages.torproject.net
104.18.20.104,storipress.app
13.244.170.177,studio.af-south-1.sagemaker.aws
103.169.142.250,timeout-cs.my.canva.site
193.108.130.23,yombo.me
142.250.203.201,blogspot.re
213.186.33.4,cluster003.hosting.ovh.net
213.186.33.18,cluster007.hosting.ovh.net
130.61.69.238,is-a-landscaper.com
75.2.70.75,linkyard.cloud
18.197.176.198,notebook.eu-central-1.sagemaker.aws
5.102.144.106,objects.rma.cloudscale.ch
202.1.207.124,pro.mv
103.169.142.250,technovate23.my.canva.site
18.140.11.139,vfs.cloud9.ap-southeast-1.amazonaws.com
46.30.213.77,123hjemmeside.no
37.27.16.132,29.xmit.co
103.169.142.250,calidadycapacitacionupn.my.canva.site
103.169.142.250,commercialexpress.my.canva.site
150.95.250.159,daa.jp
92.222.139.190,huissier-justice.fr
63.250.43.1,ingress-bonde.ewp.live
150.95.250.159,mods.jp
103.169.142.250,power24schedule.my.canva.site
150.95.250.159,pupu.jp
45.147.178.117,ruhacunem.beget.app
151.115.10.3,s3.pl-waw.scw.cloud
193.108.130.23,wellbeingzone.eu
62.113.233.136,woltlab-demo.com
46.30.213.106,123siteweb.fr
13.48.205.16,auth.eu-north-1.amazoncognito.com
13.52.203.4,emrnotebooks-prod.us-west-1.amazonaws.com
150.95.250.159,fem.jp
150.95.250.159,itigo.jp
162.244.94.11,lab.ms
150.95.250.159,littlestar.jp
195.154.63.242,loginline.site
150.95.250.159,mond.jp
34.212.23.211,ngrok-free.dev
150.95.250.159,nikita.jp
149.210.170.252,nl.transurl.nl
104.18.36.141,preview.csb.app
103.169.142.250,principal-glenn.my.canva.site
52.95.172.46,s3-website.me-south-1.amazonaws.com
13.126.45.5,studio.ap-south-1.sagemaker.aws
13.48.167.98,studio.eu-north-1.sagemaker.aws
150.95.250.159,whitesnow.jp
90.156.128.173,xn--h1ahn.xn--p1acf
180.149.98.234,xn--l1acc
149.126.72.251,activetrail.biz
91.208.207.204,adc-clevercloud-customers.services.clever-cloud.com
151.101.129.91,aem.live
185.26.156.160,caliban.uberspace.de
34.209.98.119,element--c-r-m-aj-a-gc-d-cr.quipelements.com
91.208.207.77,heptapod-foss.services.clever-cloud.com
150.95.250.159,kill.jp
52.95.176.14,s3.dualstack.af-south-1.amazonaws.com
103.169.142.250,sciencehubg7.my.canva.site
172.232.133.55,se-sto-1.linodeobjects.com
103.169.142.250,stewardship.my.canva.site
18.177.27.120,studio.ap-northeast-1.sagemaker.aws
150.95.250.159,sunnyday.jp
103.169.142.250,tgshub.my.canva.site
150.95.250.159,under.jp
185.26.156.76,webmail.uberspace.de
46.30.213.121,123minsida.se
150.95.250.159,bitter.jp
104.18.4.97,bluebite.io
150.95.250.159,chips.jp
18.189.234.160,emrappui-prod.us-east-2.amazonaws.com
103.169.142.250,faire-handshake.my.canva.site
46.235.224.172,fentiger.mythic-beasts.com
103.168.172.41,fm.user.fm
75.2.60.5,framer.media
103.169.142.250,jresoi.my.canva.site
95.143.172.56,leo.uberspace.de
131.186.51.43,mygov.bd
151.101.130.137,myspreadshop.es
202.1.203.100,name.mv
147.75.90.43,netfy.app
34.214.137.93,notebook-fips.us-west-2.sagemaker.aws
196.2.1.6,ns.jm
185.26.156.133,read.uberspace.de
52.95.181.64,s3-website.ap-northeast-3.amazonaws.com
103.169.142.250,sales-synergy.my.canva.site
35.224.222.174,sfdata--utc--57mwdzw8qn8f.code.run
103.169.142.250,shbookfair.my.canva.site
185.26.156.174,spitaler.uberspace.de
184.72.17.7,studio.us-west-1.sagemaker.aws
216.239.36.56,ts.gateway.dev
150.95.250.159,velvet.jp
15.206.22.240,vfs.cloud9.ap-south-1.amazonaws.com
139.162.161.230,website-eu-central-1.linodeobjects.com
18.205.217.214,analytics-gateway.us-east-1.amazonaws.com
13.37.9.249,auth.eu-west-3.amazoncognito.com
103.169.142.250,bidsd.my.canva.site
103.169.142.250,class528.my.canva.site
188.165.61.82,cluster024.hosting.ovh.net
51.161.122.78,cluster051.hosting.ovh.net
103.168.172.41,com.user.fm
103.169.142.250,corelogiclearning.my.canva.site
150.95.250.159,deci.jp
134.58.64.196,ezproxy.kuleuven.be
103.169.142.250,fanninpanthers.my.canva.site
185.26.156.129,giacobini.uberspace.de
150.95.250.159,hippy.jp
188.114.96.11,hoplix.shop
185.26.156.210,hyrrokkin.uberspace.de
103.169.142.250,imprivatatelephonetuesday.my.canva.site
103.169.142.250,newdsisd.my.canva.site
18.213.209.233,notebook-fips.us-east-1.sagemaker.aws
18.229.16.203,notebook.sa-east-1.sagemaker.aws
103.169.142.250,pusd11azellacertificates.my.canva.site
103.169.142.250,revup.my.canva.site
3.5.248.24,s3-website.eu-south-1.amazonaws.com
108.175.54.9,s3-website.us-gov-east-1.amazonaws.com
54.222.112.33,s3.dualstack.cn-north-1.amazonaws.com.cn
52.82.188.151,s3.dualstack.cn-northwest-1.amazonaws.com.cn
150.95.250.159,secret.jp
35.201.127.49,streamlitapp.com
13.125.118.66,studio.ap-northeast-2.sagemaker.aws
103.169.142.250,thousandeyeskickoff.my.canva.site
103.169.142.250,vipforsale.my.canva.site
150.95.250.159,weblike.jp
35.161.209.22,workspace-manager-api.builder.code.com
103.169.142.250,wrighttrafikkskole.my.canva.site
35.155.107.255,auth-fips.us-west-2.amazoncognito.com
43.203.45.18,auth.ap-northeast-2.amazoncognito.com
15.197.148.33,autocode.dev
150.95.250.159,babymilk.jp
185.26.156.68,brooks.uberspace.de
46.235.227.111,caracal.mythic-beasts.com
185.26.156.166,chiron.uberspace.de
213.186.33.87,cluster014.hosting.ovh.net
185.26.156.79,crommelin.uberspace.de
18.178.209.49,fashionstore.jp
140.82.114.17,githubpreview.dev
18.178.209.49,handcrafted.jp
185.26.156.246,hati.uberspace.de
150.95.250.159,heavy.jp
185.26.156.138,hernmann.uberspace.de
185.26.156.69,holmes.uberspace.de
77.79.221.156,homesklep.pl
45.9.40.89,iporustef.beget.app
34.90.225.198,jouwweb.site
18.178.209.49,kawaiishop.jp
103.169.142.250,lesystem.my.canva.site
150.95.250.159,lomo.jp
103.169.142.250,mood-star-lounge.my.canva.site
151.101.130.137,myspreadshop.at
151.101.130.137,myspreadshop.fr
151.101.130.137,myspreadshop.se
150.95.250.159,namaste.jp
35.182.185.24,notebook.ca-central-1.sagemaker.aws
5.35.88.242,orudiebad.beget.app
150.95.250.159,penne.jp
103.169.142.250,powerupconference.my.canva.site
45.9.43.89,robotuno.beget.app
52.95.172.65,s3-me-south-1.amazonaws.com
52.95.175.36,s3-website.af-south-1.amazonaws.com
52.95.178.36,s3-website.ap-southeast-3.amazonaws.com
5.161.108.112,srv.us
103.169.142.250,stefaniacj.my.canva.site
103.169.142.250,vailedtech.my.canva.site
18.193.4.53,vfs.cloud9.eu-central-1.amazonaws.com
13.41.16.77,vfs.cloud9.eu-west-2.amazonaws.com
150.95.250.159,vivian.jp
103.169.142.250,waterford.my.canva.site
46.30.213.93,123website.be
37.27.16.132,38.xmit.co
103.169.142.250,about-moriam.my.canva.site
185.26.156.36,acrux.uberspace.de
185.26.156.54,ankaa.uberspace.de
95.143.172.182,aquila.uberspace.de
103.169.142.250,austinbearportal.my.canva.site
18.102.101.95,auth.eu-south-1.amazoncognito.com
150.95.250.159,backdrop.jp
150.95.250.159,bambina.jp
103.169.142.250,bennetthomerealty.my.canva.site
185.26.156.137,bernardi.uberspace.de
103.169.142.250,bomerforsheriff.my.canva.site
150.95.250.159,but.jp
95.143.172.226,canis.uberspace.de
150.95.250.159,catfood.jp
185.26.156.163,chaldene.uberspace.de
103.169.142.250,communications.my.canva.site
52.200.179.149,convex.site
150.95.250.159,cutegirl.jp
185.26.156.185,devico.uberspace.de
127.0.0.1,drr.ac
185.26.156.223,dysnomia.uberspace.de
185.26.156.225,elara.uberspace.de
3.10.76.70,emrappui-prod.eu-west-2.amazonaws.com
15.206.29.227,emrnotebooks-prod.ap-south-1.amazonaws.com
185.26.156.236,fenrir.uberspace.de
104.21.90.170,fldrv.com
185.26.156.95,giclas.uberspace.de
185.26.156.243,greip.uberspace.de
185.26.156.245,harpalyke.uberspace.de
150.95.250.159,her.jp
104.18.0.101,herring-93.lcl.dev
185.26.156.123,herse.uberspace.de
172.232.96.79,in-maa-1.linodeobjects.com
63.250.43.3,ingress-cil.ewp.live
63.250.43.134,ingress-euterpe.ewp.live
185.12.115.209,luhansk.ua
13.230.243.215,notebook.ap-northeast-1.sagemaker.aws
95.143.172.135,phoenix.uberspace.de
52.219.113.75,s3-website.us-west-1.amazonaws.com
185.26.156.212,scotti.uberspace.de
104.18.0.101,shiner-68.stg.dev
193.148.166.89,stackit.run
13.237.248.167,studio.ap-southeast-2.sagemaker.aws
185.26.156.88,taylor.uberspace.de
83.65.246.198,tirol.futurecms.at
95.143.172.208,tucana.uberspace.de
95.143.172.203,ursa.uberspace.de
150.95.250.159,versus.jp
13.237.91.35,vfs.cloud9.ap-southeast-2.amazonaws.com
103.169.142.250,wdmesc.my.canva.site
216.239.36.56,wl.gateway.dev
185.26.49.22,xn--hkkinen-5wa.fi
37.27.16.132,31.xmit.co
37.27.16.132,36.xmit.co
103.169.142.250,about-agn.my.canva.site
185.26.156.139,adrastea.uberspace.de
185.26.156.140,aegaeon.uberspace.de
104.18.0.101,albacore-39.lcl.dev
185.26.156.45,alioth.uberspace.de
103.169.142.250,andrezarezendeugc.my.canva.site
150.95.250.159,angry.jp
95.143.172.202,antila.uberspace.de
148.251.215.100,appudo.net
185.26.156.56,arend.uberspace.de
15.184.190.239,auth.me-south-1.amazoncognito.com
62.217.178.178,azaxelad.beget.app
139.84.129.2,blr1.vultrobjects.com
95.143.172.231,bootes.uberspace.de
91.208.207.224,by5fruvtdq6cm0gs4p4z-mongodb.services.clever-cloud.com
103.169.142.250,canvaclc.my.canva.site
95.143.172.196,carina.uberspace.de
103.169.142.250,carrolltwelch.my.canva.site
103.169.142.250,cartadelivery.my.canva.site
95.143.172.140,cetus.uberspace.de
185.26.156.183,charon.uberspace.de
103.169.142.250,chuksomedo.my.canva.site
213.186.33.2,cluster002.hosting.ovh.net
188.165.59.25,cluster025.hosting.ovh.net
185.26.156.202,cressida.uberspace.de
185.26.156.217,cyllene.uberspace.de
104.18.0.101,dayq0.stg.dev
95.143.172.216,delphinus.uberspace.de
185.26.156.20,deneb.uberspace.de
34.209.98.119,element--j-y-k-aj-a-yyz-l-m.quipelements.com
185.26.156.188,elst.uberspace.de
13.228.154.103,emrnotebooks-prod.ap-southeast-1.amazonaws.com
18.189.234.160,emrnotebooks-prod.us-east-2.amazonaws.com
185.26.156.226,epimetheus.uberspace.de
185.26.156.234,eurydome.uberspace.de
103.169.142.250,exel-y-sus-principales-funciones.my.canva.site
150.95.250.159,flier.jp
150.95.250.159,floppy.jp
150.95.250.159,fool.jp
185.26.156.239,fornjot.uberspace.de
150.95.250.159,gonna.jp
216.239.32.53,h-147.run.app
150.95.250.159,hacca.jp
150.95.250.159,hiho.jp
185.26.156.171,hippocamp.uberspace.de
150.95.250.159,hungry.jp
162.255.118.65,ingress-alpha.ewp.live
63.250.43.15,ingress-derowd.ewp.live
172.232.194.194,it-mil-1.linodeobjects.com
150.95.250.159,jellybean.jp
150.95.250.159,kilo.jp
185.26.156.87,klemola.uberspace.de
185.26.156.91,kohoutek.uberspace.de
185.26.156.89,kojima.uberspace.de
185.26.156.73,kopff.uberspace.de
103.169.142.250,lexingtononeelahub.my.canva.site
185.26.156.165,lovas.uberspace.de
103.169.142.250,lsmsap.my.canva.site
104.18.0.101,majaz.stg.dev
103.169.142.250,mansfieldisd.my.canva.site
31.130.204.198,mediatech.dev
185.26.156.40,mirfac.uberspace.de
103.169.142.250,moriamsalakoportfolio.my.canva.site
95.143.172.200,musca.uberspace.de
151.101.130.137,myspreadshop.it
3.0.110.31,notebook.ap-southeast-1.sagemaker.aws
13.236.56.59,notebook.ap-southeast-2.sagemaker.aws
35.181.131.169,notebook.eu-west-3.sagemaker.aws
162.243.189.4,nyc3-static.digitaloceanspaces.com
136.62.158.195,obl.ong
103.169.142.250,ogheneyole.my.canva.site
150.95.250.159,parallel.jp
185.26.156.22,peacock.uberspace.de
150.95.250.159,pecori.jp
150.95.250.159,pepper.jp
150.95.250.159,pinoko.jp
150.95.250.159,pya.jp
185.26.156.82,reinmuth.uberspace.de
104.40.158.242,reservd.com
52.95.136.16,s3-website.eu-south-2.amazonaws.com
51.158.211.3,s3-website.nl-ams.scw.cloud
16.12.56.17,s3.ca-west-1.amazonaws.com
3.5.240.15,s3.dualstack.ap-northeast-3.amazonaws.com
95.143.172.177,serpens.uberspace.de
46.30.213.154,simplesite.com.br
68.220.193.219,site--glucase--vdrkypn974ht.code.run
103.169.142.250,sjhastoria.my.canva.site
185.26.156.206,spahr.uberspace.de
46.23.81.157,srht.site
150.95.250.159,staba.jp
193.148.166.89,stackit.rocks
103.169.142.250,starlightinnovations.my.canva.site
104.22.76.73,teamtick.paywhirl.com
103.169.142.250,tipconference2024.my.canva.site
103.169.142.250,ucisummer2024.my.canva.site
45.142.176.205,upli.io
150.95.250.159,watson.jp
5.35.83.201,wukougoma.beget.app
88.212.206.13,xn--41a.xn--p1acf
150.95.250.159,zombie.jp
103.169.142.250,0tweedy0w0bird0.my.canva.site
46.30.213.77,123homepage.it
46.30.213.170,123webseite.at
46.30.213.101,123webseite.de
46.30.213.163,123website.ch
104.18.0.101,1i6ra.stg.dev
103.169.142.250,22ngaydonghanhxaykenh.my.canva.site
103.169.142.250,2tweedy2w2bird2.my.canva.site
103.169.142.250,3tweedy3w3bird3.my.canva.site
104.18.0.101,44ixn.lcl.dev
103.169.142.250,4tweedy4w4bird4.my.canva.site
104.18.0.101,89ssp.lcl.dev
104.18.0.101,a26pn.lcl.dev
103.169.142.250,about-sarah.my.canva.site
103.169.142.250,aboutebukaanumudu.my.canva.site
103.169.142.250,aboutlateefah.my.canva.site
104.18.0.101,agas6.lcl.dev
104.18.0.101,alien-94.lcl.dev
185.26.156.33,alphard.uberspace.de
103.169.142.250,anacubillaformociones.my.canva.site
185.26.156.145,ananke.uberspace.de
103.169.142.250,angiespamperedkitchen.my.canva.site
95.143.172.244,antares.uberspace.de
104.18.0.101,anteater-23.lcl.dev
185.26.156.146,aoede.uberspace.de
104.18.0.101,ape-98.lcl.dev
31.128.43.153,apidapit.beget.app
95.143.172.190,apus.uberspace.de
185.26.156.147,arche.uberspace.de
185.26.156.12,atria.uberspace.de
104.18.0.101,barnacle-55.lcl.dev
185.26.156.103,barnard.uberspace.de
185.26.156.155,bebhionn.uberspace.de
5.35.85.183,bequustedun.beget.app
185.26.156.37,betelgeuse.uberspace.de
103.169.142.250,bgcamarketing.my.canva.site
185.26.156.159,bianca.uberspace.de
104.18.0.101,bobcat-72.lcl.dev
45.12.236.149,boquuswupa.beget.app
104.18.0.101,boxer-23.lcl.dev
172.233.0.241,br-gru-1.linodeobjects.com
91.208.207.224,btiwrxbsc07q9bzksbxz-elasticsearch.services.clever-cloud.com
104.18.0.101,budav.lcl.dev
104.18.0.101,bulldog-27.lcl.dev
104.18.0.101,bullfrog-31.lcl.dev
104.18.0.101,calf-75.lcl.dev
185.26.156.161,callirrhoe.uberspace.de
95.143.172.252,canopus.uberspace.de
150.95.250.159,capoo.jp
95.143.172.115,cassiopeia.uberspace.de
83.65.246.198,cc.futurecms.at
