0.0.0.0,mysecuritycamera.org
10.0.0.1,web.pk
100.21.12.108,studio.us-west-2.sagemaker.aws
100.25.175.5,pro.typeform.com
100.26.95.151,wpmudev.host
101.0.108.10,aliases121.com
101.201.172.229,csdn.net
101.227.22.158,iqiyi.com
103.10.4.216,asus.com
103.107.226.226,vic.gov.au
103.14.245.12,123rf.com
103.15.187.233,d.gv.vc
103.16.128.100,bnr.la
103.168.172.41,com.user.fm
103.168.172.41,fm.user.fm
103.169.142.250,0tweedy0w0bird0.my.canva.site
103.169.142.250,22ngaydonghanhxaykenh.my.canva.site
103.169.142.250,24-25-lpac-directory.my.canva.site
103.169.142.250,2tweedy2w2bird2.my.canva.site
103.169.142.250,3tweedy3w3bird3.my.canva.site
103.169.142.250,4tweedy4w4bird4.my.canva.site
103.169.142.250,about-agn.my.canva.site
103.169.142.250,aboutebukaanumudu.my.canva.site
103.169.142.250,aboutlateefah.my.canva.site
103.169.142.250,about-moriam.my.canva.site
103.169.142.250,about-sarah.my.canva.site
103.169.142.250,academiaindiradigital.my.canva.site
103.169.142.250,adoboboymenu.my.canva.site
103.169.142.250,anacubillaformociones.my.canva.site
103.169.142.250,andrezarezendeugc.my.canva.site
103.169.142.250,angiespamperedkitchen.my.canva.site
103.169.142.250,appleonescholarshipfoundation.my.canva.site
103.169.142.250,arendelle-childrens-choir.my.canva.site
103.169.142.250,austinbearportal.my.canva.site
103.169.142.250,bennetthomerealty.my.canva.site
103.169.142.250,bgcamarketing.my.canva.site
103.169.142.250,bidsd.my.canva.site
103.169.142.250,bomerforsheriff.my.canva.site
103.169.142.250,browartstudios.my.canva.site
103.169.142.250,buildclinicalmaterials.my.canva.site
103.169.142.250,calidadycapacitacionupn.my.canva.site
103.169.142.250,canvaclc.my.canva.site
103.169.142.250,carrolltwelch.my.canva.site
103.169.142.250,cartadelivery.my.canva.site
103.169.142.250,chuksomedo.my.canva.site
103.169.142.250,class528.my.canva.site
103.169.142.250,commercialexpress.my.canva.site
103.169.142.250,communications.my.canva.site
103.169.142.250,corelogiclearning.my.canva.site
103.169.142.250,dwbeepasscampaigns.my.canva.site
103.169.142.250,exel-y-sus-principales-funciones.my.canva.site
103.169.142.250,faire-handshake.my.canva.site
103.169.142.250,fanninpanthers.my.canva.site
103.169.142.250,fgdsgd.my.canva.site
103.169.142.250,houstonms.my.canva.site
103.169.142.250,imaginelearning.my.canva.site
103.169.142.250,imprivatatelephonetuesday.my.canva.site
103.169.142.250,jresoi.my.canva.site
103.169.142.250,lesystem.my.canva.site
103.169.142.250,lexingtononeelahub.my.canva.site
103.169.142.250,lovedconceptsph.my.canva.site
103.169.142.250,lsmsap.my.canva.site
103.169.142.250,mansfieldisd.my.canva.site
103.169.142.250,mccloy.my.canva.site
103.169.142.250,mood-star-lounge.my.canva.site
103.169.142.250,moriamsalakoportfolio.my.canva.site
103.169.142.250,mvweddingrsvp.my.canva.site
103.169.142.250,newdsisd.my.canva.site
103.169.142.250,nordeweeklyupdate.my.canva.site
103.169.142.250,nptest.my.canva.site
103.169.142.250,ogheneyole.my.canva.site
103.169.142.250,power24schedule.my.canva.site
103.169.142.250,powerupconference.my.canva.site
103.169.142.250,principal-glenn.my.canva.site
103.169.142.250,pusd11azellacertificates.my.canva.site
103.169.142.250,revup.my.canva.site
103.169.142.250,sales-synergy.my.canva.site
103.169.142.250,sciencehubg7.my.canva.site
103.169.142.250,shbookfair.my.canva.site
103.169.142.250,sjhastoria.my.canva.site
103.169.142.250,starlightinnovations.my.canva.site
103.169.142.250,stefaniacj.my.canva.site
103.169.142.250,stewardship.my.canva.site
103.169.142.250,technovate23.my.canva.site
103.169.142.250,terracotacabanastapalpa.my.canva.site
103.169.142.250,tgshub.my.canva.site
103.169.142.250,thousandeyeskickoff.my.canva.site
103.169.142.250,timeout-cs.my.canva.site
103.169.142.250,tipconference2024.my.canva.site
103.169.142.250,ucisummer2024.my.canva.site
103.169.142.250,vailedtech.my.canva.site
103.169.142.250,vipforsale.my.canva.site
103.169.142.250,vuhl.my.canva.site
103.169.142.250,waterford.my.canva.site
103.169.142.250,wdmesc.my.canva.site
103.169.142.250,wrighttrafikkskole.my.canva.site
103.169.142.250,zifulilywang.my.canva.site
103.169.142.250,ziqianverawang.my.canva.site
103.217.220.8,cloudjiffy.net
103.224.212.214,cloud-fr1.unispace.io
103.23.108.107,pixnet.net
103.24.8.4,ruliweb.com
103.252.142.21,irctc.co.in
103.253.144.208,sgp1.digitaloceanspaces.com
103.3.61.236,ap-south-1.linodeobjects.com
103.4.188.110,gov.bn
103.49.221.211,detik.com
103.6.0.2,merdeka.com
103.6.117.2,kaskus.co.id
103.6.182.20,agoda.com
103.78.116.169,gov.bt
103.85.184.238,gov.mn
104.106.22.97,groupon.com
104.142.251.224,playstation-cloud.com
104.154.49.10,nanoadexchange.com
104.154.76.97,gyazo.com
104.155.100.125,pixolino.com
104.156.252.133,ravendb.community
104.156.252.133,ravendb.run
104.156.81.196,filehippo.com
104.156.81.67,theguardian.com
104.156.81.84,pinimg.com
104.156.81.84,pinterest.com
104.156.85.194,wikia.com
104.156.85.217,vimeo.com
104.156.85.64,businessinsider.com
104.156.85.69,entrepreneur.com
104.16.10.250,giphy.com
104.16.107.24,chaturbate.com
104.16.110.242,detonate.com
104.16.116.47,glassdoor.com
104.16.117.25,abs-cbn.com
104.16.119.108,wittyfeed.com
104.16.121.167,videoyoum7.com
104.16.123.127,medium.com
104.16.14.221,quizlet.com
104.16.165.179,dingit.tv
104.16.166.50,openload.co
104.16.208.90,cloudflare.net
104.16.253.120,readthedocs.io
104.16.253.64,taringa.net
104.16.28.30,meetup.com
104.16.32.52,shareasale.com
104.16.33.27,upwork.com
104.16.4.107,gamepedia.com
104.16.42.144,topix.com
104.16.43.66,genius.com
104.16.44.64,sabq.org
104.16.50.162,hdfcbank.com
104.16.52.93,nametests.com
104.16.57.23,yelp.com
104.16.58.5,discordapp.com
104.16.60.133,addthis.com
104.16.64.203,4chan.org
104.16.65.178,likes.com
104.16.66.153,thesportbible.com
104.16.81.125,digitalocean.com
104.16.81.22,canva.com
104.16.85.202,youm7.com
104.18.0.101,1i6ra.stg.dev
104.18.0.101,44ixn.lcl.dev
104.18.0.101,89ssp.lcl.dev
104.18.0.101,a26pn.lcl.dev
104.18.0.101,agas6.lcl.dev
104.18.0.101,albacore-39.lcl.dev
104.18.0.101,alien-94.lcl.dev
104.18.0.101,anteater-23.lcl.dev
104.18.0.101,ape-98.lcl.dev
104.18.0.101,barnacle-55.lcl.dev
104.18.0.101,bobcat-72.lcl.dev
104.18.0.101,boxer-23.lcl.dev
104.18.0.101,budav.lcl.dev
104.18.0.101,bulldog-27.lcl.dev
104.18.0.101,bullfrog-31.lcl.dev
104.18.0.101,calf-75.lcl.dev
104.18.0.101,dayq0.stg.dev
104.18.0.101,herring-93.lcl.dev
104.18.0.101,majaz.stg.dev
104.18.0.101,shared.lcl.dev
104.18.0.101,shiner-68.stg.dev
104.18.0.125,gov.gd
104.18.12.15,workers.dev
104.18.18.184,vp4.me
104.18.20.104,storipress.app
104.18.20.135,pages.dev
104.18.32.221,no.com
104.18.32.9,notion.site
104.18.35.239,gotporn.com
104.18.36.141,csb.app
104.18.36.141,preview.csb.app
104.18.40.34,carrd.co
104.18.41.40,ipfs.nftstorage.link
104.18.42.227,www.digitaloceanspaces.com
104.18.43.151,yolasite.com
104.18.4.97,bluebite.io
104.18.57.71,ozock.com
104.18.6.12,encr.app
104.18.8.105,discordsays.com
104.19.141.70,ck101.com
104.19.207.29,theladbible.com
104.192.143.2,bitbucket.org
104.196.116.127,urbandictionary.com
104.197.28.173,sandcats.io
104.197.42.174,onclickpredictiv.com
104.197.47.161,tradeadexchange.com
104.197.7.246,edu.tt
104.197.85.202,adexchangeprediction.com
104.20.10.75,chouftv.ma
104.20.1.139,ouo.io
104.20.11.85,hespress.com
104.20.1.224,westernjournalism.com
104.20.1.4,adf.ly
104.20.23.16,mmmoffice.com
104.20.24.247,onedio.com
104.20.25.138,gamer.com.tw
104.20.29.204,thevideo.me
104.20.31.112,2ch.net
104.20.31.186,inquirer.net
104.20.3.224,conservativetribune.com
104.20.45.141,getmyads.com
104.20.51.56,teepr.com
104.20.55.43,extratorrent.cc
104.20.59.241,feedly.com
104.20.59.65,almasryalyoum.com
104.20.59.84,clixsense.com
104.20.63.117,g2a.com
104.20.64.203,daikynguyenvn.com
104.20.68.204,kissanime.to
104.20.68.21,uptobox.com
104.20.70.139,kinogo.club
104.20.7.23,poptm.com
104.20.74.106,nyaa.se
104.20.74.64,udemy.com
104.20.78.29,txxx.com
104.20.81.244,lapatilla.com
104.20.8.148,buzzfil.net
104.20.9.191,4pda.ru
104.20.92.127,hclips.com
104.20.95.121,youtube-mp3.org
104.20.9.64,dostor.org
104.21.12.244,half.host
104.21.22.247,stage.nodeart.io
104.21.27.108,craft.me
104.21.31.144,streak-link.com
104.21.4.174,sellfy.store
104.21.67.42,cdn-edges.net
104.21.71.47,servebolt.cloud
104.21.90.170,fldrv.com
104.21.92.2,school.na
104.21.92.83,mcpe.me
104.22.76.73,app.paywhirl.com
104.22.76.73,shop.paywhirl.com
104.22.76.73,teamtick.paywhirl.com
104.23.134.19,namu.wiki
104.24.118.38,cpasbien.cm
104.24.2.15,upornia.com
104.244.42.129,twitter.com
104.244.98.13,himado.in
104.24.5.33,hdzog.com
104.24.6.4,subscene.com
104.25.105.25,innfrad.com
104.25.14.31,codepen.io
104.25.160.23,urdupoint.com
104.25.176.13,popmyads.com
104.25.203.28,prnt.sc
104.25.215.9,hotmovs.com
104.25.22.11,elbalad.news
104.25.246.34,voyeurhit.com
104.25.82.31,torrentkim5.net
104.25.9.37,imagetwist.com
104.26.10.141,channelsdvr.net
104.26.10.19,w-staticblitz.com
104.26.12.24,w-corp-staticblitz.com
104.26.8.149,w-credentialless-staticblitz.com
104.26.8.84,js.org
104.27.134.181,torrentz2.eu
104.27.144.213,getbootstrap.com
104.27.145.38,elwatannews.com
104.27.146.62,fmovies.to
104.27.160.160,elfagr.org
104.27.173.91,trendingpatrol.com
104.27.180.151,linkshrink.net
104.27.215.30,yts.ag
104.28.1.101,zytpirwai.net
104.28.21.182,zeppfeed.com
104.28.21.87,1337x.to
104.28.23.117,gazetaexpress.com
104.28.24.32,buzzhand.com
104.28.27.209,albawabhnews.com
104.28.30.20,dl-protect.com
104.28.5.45,torrentproject.se
104.31.11.186,thepiratebay.org
104.31.135.74,zone-telechargement.com
104.31.15.163,spankbang.com
104.31.19.30,123movies.to
104.31.72.239,blogfa.com
104.31.77.24,elmogaz.com
104.31.86.234,alwafd.org
104.31.87.161,shink.in
104.31.92.38,vetogate.com
104.36.192.182,uber.com
104.40.158.242,reservd.com
104.40.211.35,microsoft.com
104.40.225.204,office.com
104.85.10.114,themeforest.net
104.85.171.18,steampowered.com
104.91.213.169,trello.com
104.96.52.21,justdial.com
106.120.151.169,soso.com
106.120.160.134,haosou.com
107.154.110.40,wix.com
107.154.247.36,prothom-alo.com
107.181.238.82,co.business
107.181.238.82,co.education
107.181.238.82,co.events
107.181.238.82,co.financial
107.181.238.82,co.network
107.181.238.82,co.place
107.181.238.82,co.technology
107.21.248.27,slate.com
107.22.178.157,taboola.com
107.22.52.160,mock.pstmn.io
107.23.160.52,myqnapcloud.com
108.138.51.14,eero.online
108.160.172.206,dropbox.com
108.174.10.10,linkedin.com
108.174.10.19,slideshare.net
108.175.48.173,s3-website-us-gov-west-1.amazonaws.com
108.175.48.182,s3-fips.us-gov-west-1.amazonaws.com
108.175.48.206,s3-fips-us-gov-west-1.amazonaws.com
108.175.48.40,s3.us-gov-west-1.amazonaws.com
108.175.49.178,s3-fips.us-gov-west-1.amazonaws.com
108.175.50.132,s3-us-gov-west-1.amazonaws.com
108.175.50.180,s3-us-gov-west-1.amazonaws.com
108.175.50.184,s3.dualstack.us-gov-west-1.amazonaws.com
108.175.52.22,s3.us-gov-east-1.amazonaws.com
108.175.52.32,s3-fips.us-gov-east-1.amazonaws.com
108.175.52.50,s3.us-gov-east-1.amazonaws.com
108.175.53.36,s3-fips.dualstack.us-gov-east-1.amazonaws.com
108.175.53.7,s3.dualstack.us-gov-east-1.amazonaws.com
108.175.54.34,s3-us-gov-east-1.amazonaws.com
108.175.54.9,s3-website.us-gov-east-1.amazonaws.com
108.175.58.162,s3.us-gov-west-1.amazonaws.com
108.59.160.10,rhcloud.com
108.61.0.122,ewr1.vultrobjects.com
109.233.157.1,xing.com
109.70.108.22,kyiv.ua
109.71.160.200,livejasmin.com
109.95.156.1,you2.pl
110.45.215.23,daum.net
110.76.20.33,alipay.com
1.1.1.1,drud.io
111.206.227.118,jd.com
111.65.248.132,vnexpress.net
112.124.5.74,oschina.net
112.215.119.100,elevenia.co.id
113.217.247.100,11st.co.kr
115.159.231.139,58.com
115.182.201.7,douban.com
115.231.100.109,huaban.com
116.202.120.165,torproject.net
116.202.120.180,pages.torproject.net
116.202.2.255,iserv.dev
116.202.2.255,mein-iserv.de
116.202.2.255,test-iserv.de
116.203.134.179,schulserver.de
117.121.12.17,jrj.com.cn
117.18.232.133,ruten.com.tw
117.21.226.199,51.la
117.25.139.77,chinaz.com
117.52.16.78,gmarket.co.kr
118.102.1.119,zing.vn
118.145.26.112,1905.com
118.191.216.42,sogou.com
118.26.26.72,chinaso.com
118.97.116.10,uzone.id
119.145.147.181,mama.cn
119.147.114.19,51yes.com
119.188.108.240,xunlei.com
119.235.235.13,naver.jp
119.254.11.66,17ok.com
119.81.209.86,cricbuzz.com
120.134.33.9,mi.com
121.14.241.75,39.net
121.241.247.61,thehindu.com
121.40.97.32,epwk.com
121.78.123.93,inven.co.kr
123.103.56.246,youth.cn
123.103.56.42,k618.cn
123.103.57.11,zol.com.cn
123.125.114.224,hao123.com
123.126.98.146,tudou.com
123.176.25.10,gov.mv
123.196.118.10,enet.com.cn
123.30.128.195,webtretho.com
123.30.175.29,coccoc.com
123.49.12.112,dns.bd
123.57.88.208,360doc.com
123.58.180.8,163.com
124.127.180.200,chinadaily.com.cn
124.153.64.100,moneycontrol.com
124.225.131.145,kdnet.net
124.225.65.154,tianya.cn
124.243.192.30,caijing.com.cn
124.243.228.203,baike.com
125.209.214.79,blog.me
125.39.240.113,qq.com
125.6.146.13,blog.jp
125.6.149.67,livedoor.com
125.6.149.67,livedoor.jp
125.88.190.56,360.cn
127.0.0.10,aquila.it
127.0.0.1,crd.co
127.0.0.1,drr.ac
127.0.0.1,eurodir.ru
127.0.0.1,ju.mp
127.0.0.1,lk3.ru
127.0.0.1,mcdir.me
127.0.0.1,mcdir.ru
127.0.0.1,ngo.za
127.0.0.1,onfabrica.com
127.0.0.1,uwu.ai
127.0.53.53,arab
127.0.53.53,xn--ngbrx
128.232.233.16,cambridge.org
128.31.0.62,debian.net
129.234.186.186,hepforge.org
129.42.38.1,ibm.com
130.111.32.70,cc.me.us
130.111.32.70,k12.me.us
130.111.32.70,lib.me.us
130.211.106.249,mydobiss.com
130.211.186.109,adnetworkperformance.com
130.211.30.230,official.academy
130.211.9.122,thewaycloud.com
130.61.69.238,at-band-camp.net
130.61.69.238,blogdns.net
130.61.69.238,cechire.com
130.61.69.238,dnsalias.com
130.61.69.238,dnsdojo.com
130.61.69.238,doomdns.org
130.61.69.238,dynalias.com
130.61.69.238,dynalias.org
130.61.69.238,dynathome.net
130.61.69.238,dyndns-blog.com
130.61.69.238,dyndns.info
130.61.69.238,dyndns-web.com
130.61.69.238,dyndns-wiki.com
130.61.69.238,dyndns.ws
130.61.69.238,dyn-o-saur.com
130.61.69.238,est-a-la-maison.com
130.61.69.238,from-ak.com
130.61.69.238,from-fl.com
130.61.69.238,from-md.com
130.61.69.238,from-nj.com
130.61.69.238,from-oh.com
130.61.69.238,ftpaccess.cc
130.61.69.238,here-for-more.info
130.61.69.238,is-a-blogger.com
130.61.69.238,is-a-bulls-fan.com
130.61.69.238,is-a-chef.org
130.61.69.238,is-a-cpa.com
130.61.69.238,isa-geek.org
130.61.69.238,is-a-guru.com
130.61.69.238,isa-hockeynut.com
130.61.69.238,is-a-hunter.com
130.61.69.238,is-a-knight.org
130.61.69.238,is-a-landscaper.com
130.61.69.238,is-a-llama.com
130.61.69.238,is-an-actor.com
130.61.69.238,is-an-anarchist.com
130.61.69.238,is-a-nascarfan.com
130.61.69.238,is-an-engineer.com
130.61.69.238,is-a-therapist.com
130.61.69.238,is-into-anime.com
130.61.69.238,istmein.de
130.61.69.238,is-very-nice.org
130.61.69.238,kicks-ass.org
130.61.69.238,selfip.info
130.61.69.238,sells-for-less.com
130.61.69.238,sellsyourhome.org
130.61.69.238,stuff-4-sale.us
130.61.69.238,writesthisblog.com
130.89.149.170,utwente.io
131.103.27.65,atlassian.net
13.112.97.50,auth.ap-northeast-1.amazoncognito.com
131.186.51.43,mygov.bd
13.125.118.66,studio.ap-northeast-2.sagemaker.aws
131.252.210.176,freedesktop.org
13.126.45.5,studio.ap-south-1.sagemaker.aws
131.72.217.196,to.gov.br
131.72.221.22,df.gov.br
132.226.118.109,barrel-of-knowledge.info
132.226.118.109,blogdns.com
132.226.118.109,blogsite.org
132.226.118.109,dnsalias.net
132.226.118.109,dnsdojo.net
132.226.118.109,dontexist.net
132.226.118.109,dontexist.org
132.226.118.109,dyndns-office.com
132.226.118.109,dyndns-remote.com
132.226.118.109,forgot.her.name
132.226.118.109,for-some.biz
132.226.118.109,from-az.net
132.226.118.109,from-co.net
132.226.118.109,from-ct.com
132.226.118.109,from-ga.com
132.226.118.109,from-il.com
132.226.118.109,from-ks.com
132.226.118.109,from-ky.com
132.226.118.109,from-me.org
132.226.118.109,from-mi.com
132.226.118.109,from-nd.com
132.226.118.109,from-ny.net
132.226.118.109,from-ok.com
132.226.118.109,from-or.com
132.226.118.109,from-pr.com
132.226.118.109,from-ri.com
132.226.118.109,from-sd.com
132.226.118.109,from-tx.com
132.226.118.109,from-va.com
132.226.118.109,from-vt.com
132.226.118.109,from-wy.com
132.226.118.109,groks-the.info
132.226.118.109,hobby-site.com
132.226.118.109,hobby-site.org
132.226.118.109,homeftp.org
132.226.118.109,homeip.net
132.226.118.109,homelinux.com
132.226.118.109,homelinux.net
132.226.118.109,homeunix.net
132.226.118.109,is-a-chef.com
132.226.118.109,is-a-chef.net
132.226.118.109,is-a-cubicle-slave.com
132.226.118.109,is-a-financialadvisor.com
132.226.118.109,isa-geek.com
132.226.118.109,is-a-green.com
132.226.118.109,is-a-liberal.com
132.226.118.109,is-an-artist.com
132.226.118.109,is-a-nurse.com
132.226.118.109,is-a-socialist.com
132.226.118.109,is-a-techie.com
132.226.118.109,is-into-cartoons.com
132.226.118.109,is-lost.org
132.226.118.109,is-not-certified.com
132.226.118.109,is-very-bad.org
132.226.118.109,is-with-theband.com
132.226.118.109,kicks-ass.net
132.226.118.109,knowsitall.info
132.226.118.109,mine.nu
132.226.118.109,mypets.ws
132.226.118.109,neat-url.com
132.226.118.109,on-the-web.tv
132.226.118.109,saves-the-whales.com
132.226.118.109,sells-for-u.com
132.226.118.109,servebbs.com
132.226.118.109,webhop.biz
132.226.118.109,webhop.info
132.226.162.56,broke-it.net
132.226.162.56,dnsdojo.org
132.226.162.56,dontexist.com
132.226.162.56,dvrdns.org
132.226.162.56,dynalias.net
132.226.162.56,dyndns-home.com
132.226.162.56,endofinternet.net
132.226.162.56,for-more.biz
132.226.162.56,for-our.info
132.226.162.56,from-dc.com
132.226.162.56,from-ia.com
132.226.162.56,from-in.com
132.226.162.56,from-mo.com
132.226.162.56,from-nc.com
132.226.162.56,from-nh.com
132.226.162.56,from-nm.com
132.226.162.56,from-nv.com
132.226.162.56,from-wv.com
132.226.162.56,gets-it.net
132.226.162.56,gotdns.org
132.226.162.56,homedns.org
132.226.162.56,homelinux.org
132.226.162.56,homeunix.com
132.226.162.56,homeunix.org
132.226.162.56,is-a-bookkeeper.com
132.226.162.56,is-a-caterer.com
132.226.162.56,is-a-geek.org
132.226.162.56,is-a-libertarian.com
132.226.162.56,is-a-linux-user.org
132.226.162.56,is-an-accountant.com
132.226.162.56,is-an-actress.com
132.226.162.56,is-an-entertainer.com
132.226.162.56,is-a-painter.com
132.226.162.56,is-a-patsfan.org
132.226.162.56,is-a-republican.com
132.226.162.56,is-a-student.com
132.226.162.56,is-found.org
132.226.162.56,is-gone.com
132.226.162.56,is-leet.com
132.226.162.56,is-saved.org
132.226.162.56,isteingeek.de
132.226.162.56,is-very-evil.org
132.226.162.56,is-very-good.org
132.226.162.56,is-very-sweet.org
132.226.162.56,likes-pie.com
132.226.162.56,podzone.org
132.226.162.56,scrapper-site.net
132.226.162.56,selfip.biz
132.226.162.56,selfip.com
132.226.162.56,selfip.net
132.226.162.56,servebbs.org
132.226.162.56,space-to-rent.com
132.226.162.56,thruhere.net
132.226.162.56,traeumtgerade.de
132.226.162.56,worse-than.tv
132.226.44.1,doesntexist.org
132.226.44.1,doomdns.com
132.226.44.1,dyndns-at-home.com
132.226.44.1,dyndns.biz
132.226.44.1,dyndns-pics.com
132.226.44.1,dyndns.tv
132.226.44.1,dyndns-work.com
132.226.44.1,est-mon-blogueur.com
132.226.44.1,from-id.com
132.226.44.1,from-ma.com
132.226.44.1,from-mt.com
132.226.44.1,from-ne.com
132.226.44.1,from-sc.com
132.226.44.1,from-tn.com
132.226.44.1,from-ut.com
132.226.44.1,from-wa.com
132.226.44.1,from-wi.com
132.226.44.1,fuettertdasnetz.de
132.226.44.1,game-host.org
132.226.44.1,game-server.cc
132.226.44.1,ham-radio-op.net
132.226.44.1,in-the-band.net
132.226.44.1,is-a-anarchist.com
132.226.44.1,is-a-bruinsfan.org
132.226.44.1,is-a-candidate.org
132.226.44.1,is-a-celticsfan.org
132.226.44.1,is-a-designer.com
132.226.44.1,is-a-geek.com
132.226.44.1,is-a-geek.net
132.226.44.1,isa-geek.net
132.226.44.1,is-a-hard-worker.com
132.226.44.1,is-a-lawyer.com
132.226.44.1,is-a-musician.com
132.226.44.1,is-a-rockstar.com
132.226.44.1,is-a-soxfan.org
132.226.44.1,is-by.us
132.226.44.1,is-into-games.com
132.226.44.1,is-slick.com
132.226.44.1,issmarterthanyou.com
132.226.44.1,office-on-the.net
132.226.44.1,podzone.net
132.226.44.1,readmyblog.org
132.226.44.1,serveftp.net
132.226.44.1,servegame.org
132.226.44.1,stuff-4-sale.org
132.226.44.1,teaches-yoga.com
132.226.44.1,webhop.net
132.226.44.1,webhop.org
13.227.146.113,pymnt.uk
13.227.146.32,hotelwithflight.com
13.228.154.103,emrnotebooks-prod.ap-southeast-1.amazonaws.com
13.230.243.215,notebook.ap-northeast-1.sagemaker.aws
13.236.56.59,notebook.ap-southeast-2.sagemaker.aws
13.237.248.167,studio.ap-southeast-2.sagemaker.aws
13.237.91.35,vfs.cloud9.ap-southeast-2.amazonaws.com
13.244.170.177,studio.af-south-1.sagemaker.aws
13.248.131.96,gov.sg
13.248.141.131,ts.net
13.248.154.230,gov.scot
13.248.169.48,crafting.xyz
13.248.169.48,homelink.one
13.248.194.103,gob.cl
13.248.194.103,gov.cl
13.248.211.240,qld.gov.au
13.248.243.5,kids.us
13.248.252.114,ddnslive.com
13.248.252.114,hzc.io
13.248.252.114,wellbeingzone.co.uk
133.237.48.124,rakuten.co.jp
13.37.9.249,auth.eu-west-3.amazoncognito.com
13.41.16.77,vfs.cloud9.eu-west-2.amazonaws.com
134.213.2.238,hm.com
134.255.217.76,zap.cloud
13.43.156.19,london.cloudapps.digital
134.58.64.196,ezproxy.kuleuven.be
13.48.167.98,studio.eu-north-1.sagemaker.aws
13.48.205.16,auth.eu-north-1.amazoncognito.com
135.181.44.50,small-web.org
13.52.203.4,emrnotebooks-prod.us-west-1.amazonaws.com
13.54.185.86,auth.ap-southeast-2.amazoncognito.com
13.58.144.131,notebook-fips.us-east-2.sagemaker.aws
136.243.87.217,dict.cc
136.62.158.195,obl.ong
137.184.252.128,syd1.digitaloceanspaces.com
137.254.120.50,oracle.com
13.74.58.8,gov.cy
138.101.9.100,nikkei.com
138.1.125.45,dyndns.org
138.199.37.231,bip.sh
138.68.32.225,sfo2.digitaloceanspaces.com
138.68.34.161,sfo3.digitaloceanspaces.com
13.88.15.24,msn.com
139.144.192.169,us-iad-1.linodeobjects.com
139.162.161.230,eu-central-1.linodeobjects.com
139.162.161.230,website-eu-central-1.linodeobjects.com
139.162.17.173,gov.pn
139.175.236.112,appledaily.com.tw
139.177.204.133,us-southeast-1.linodeobjects.com
139.219.138.196,youboy.com
13.93.202.50,allrecipes.com
13.93.218.150,rackmaze.com
139.59.225.91,in.net
139.84.129.2,blr1.vultrobjects.com
140.112.172.5,ptt.cc
140.205.130.99,tmall.com
140.205.220.96,taobao.com
140.205.62.8,aliyun.com
140.205.77.240,alicdn.com
140.211.169.196,app.os.fedoraproject.org
140.211.169.196,cloud.fedoraproject.org
140.82.114.17,githubpreview.dev
140.98.193.141,ieee.org
141.0.173.90,iwanttodeliver.com
141.0.174.40,xvideos.com
141.0.174.42,xnxx.com
141.0.174.68,camdolls.com
141.101.121.191,todayhumor.co.kr
141.193.213.10,africa.com
141.193.213.30,js.wpenginepowered.com
141.255.217.8,gitpage.si
14.17.100.101,oeeee.com
142.250.186.193,scf.usercontent.goog
142.250.186.196,codespot.com
142.250.186.201,blogspot.al
142.250.186.201,blogspot.ca
142.250.186.201,blogspot.com.ar
142.250.186.201,blogspot.com.au
142.250.186.201,blogspot.com.cy
142.250.186.201,blogspot.com.eg
142.250.186.201,blogspot.com.es
142.250.186.201,blogspot.com.tr
142.250.186.201,blogspot.co.uk
142.250.186.201,blogspot.fi
142.250.186.201,blogspot.fr
142.250.186.201,blogspot.hu
142.250.186.201,blogspot.ie
142.250.186.201,blogspot.is
142.250.186.201,blogspot.li
142.250.186.201,blogspot.no
142.250.186.201,blogspot.rs
142.250.186.206,appspot.com
142.250.186.212,ey.r.appspot.com
142.250.186.212,nw.r.appspot.com
142.250.186.212,ts.r.appspot.com
142.250.186.212,uw.r.appspot.com
142.250.203.129,safeframe.usercontent.goog
142.250.203.137,blogspot.bg
142.250.203.137,blogspot.cf
142.250.203.137,blogspot.co.il
142.250.203.137,blogspot.com
142.250.203.137,blogspot.com.es
142.250.203.137,blogspot.com.ng
142.250.203.137,blogspot.cz
142.250.203.137,blogspot.dk
142.250.203.137,blogspot.hr
142.250.203.137,blogspot.it
142.250.203.137,blogspot.lt
142.250.203.137,blogspot.mk
142.250.203.137,blogspot.pt
142.250.203.137,blogspot.sk
142.250.203.148,dt.r.appspot.com
142.250.203.148,lm.r.appspot.com
142.250.203.148,nn.r.appspot.com
142.250.203.148,uc.r.appspot.com
142.250.203.148,wl.r.appspot.com
142.250.203.193,h5games.usercontent.goog
142.250.203.201,blogspot.ba
142.250.203.201,blogspot.bj
142.250.203.201,blogspot.ch
142.250.203.201,blogspot.cl
142.250.203.201,blogspot.co.at
142.250.203.201,blogspot.com.br
142.250.203.201,blogspot.com.by
142.250.203.201,blogspot.com.co
142.250.203.201,blogspot.com.mt
142.250.203.201,blogspot.co.nz
142.250.203.201,blogspot.de
142.250.203.201,blogspot.lu
142.250.203.201,blogspot.mx
142.250.203.201,blogspot.my
142.250.203.201,blogspot.nl
142.250.203.201,blogspot.re
142.250.203.201,blogspot.sg
142.250.203.201,blogspot.sn
142.250.203.201,blogspot.tw
142.250.203.212,et.r.appspot.com
142.250.203.212,rj.r.appspot.com
142.250.203.212,ue.r.appspot.com
142.250.203.212,uk.r.appspot.com
142.250.75.14,withyoutube.com
142.250.75.20,df.r.appspot.com
142.250.75.20,el.r.appspot.com
142.250.75.20,wm.r.appspot.com
142.250.75.4,googlecode.com
142.250.75.9,blogspot.be
142.250.75.9,blogspot.kr
142.250.75.9,blogspot.md
142.251.143.33,translate.goog
142.251.143.73,blogspot.com.uy
142.251.143.73,blogspot.cv
142.251.143.73,blogspot.ro
142.251.143.84,ew.r.appspot.com
142.44.140.126,us-1.evennode.com
142.44.140.126,us-2.evennode.com
142.44.140.126,us-3.evennode.com
143.166.147.101,dell.com
143.198.235.115,filegear.me
143.244.205.254,realm.cz
144.160.155.43,att.com
144.76.174.167,altervista.org
144.76.52.35,adme.ru
144.91.77.85,own.pm
144.91.77.85,ownprovider.com
145.239.30.219,gdynia.pl
145.239.37.162,cluster030.hosting.ovh.net
145.243.240.20,bild.de
146.166.133.14,k12.wy.us
146.185.29.109,savefrom.net
146.192.201.19,stat.no
146.197.184.71,nike.com
146.255.192.85,drive2.ru
146.59.209.152,cluster031.hosting.ovh.net
146.59.33.164,art.pl
147.237.12.20,gov.il
147.67.136.102,europa.eu
147.75.90.43,netfy.app
148.251.126.2,fanpage.gr
148.251.215.100,appudo.net
148.251.23.152,wordreference.com
148.251.77.209,gsmarena.com
149.126.72.251,activetrail.biz
149.126.77.150,notaires.fr
149.154.167.99,telegram.org
149.156.2.195,krakow.pl
149.202.249.203,cloudns.biz
149.202.249.203,cloudns.cc
149.202.249.203,cloudns.club
149.202.249.203,cloudns.cx
149.202.249.203,cloudns.eu
149.202.249.203,cloudns.in
149.202.249.203,cloudns.info
149.202.249.203,cloudns.pro
149.202.249.203,cloudns.pw
149.202.249.203,cloudns.us
149.210.170.252,nl.transurl.nl
150.254.186.145,poznan.pl
150.95.250.159,angry.jp
150.95.250.159,babymilk.jp
150.95.250.159,backdrop.jp
150.95.250.159,bambina.jp
150.95.250.159,bitter.jp
150.95.250.159,boo.jp
150.95.250.159,boy.jp
150.95.250.159,but.jp
150.95.250.159,capoo.jp
150.95.250.159,catfood.jp
150.95.250.159,chicappa.jp
150.95.250.159,chips.jp
150.95.250.159,chu.jp
150.95.250.159,ciao.jp
150.95.250.159,cutegirl.jp
150.95.250.159,daa.jp
150.95.250.159,deci.jp
150.95.250.159,fem.jp
150.95.250.159,flier.jp
150.95.250.159,floppy.jp
150.95.250.159,fool.jp
150.95.250.159,gonna.jp
150.95.250.159,hacca.jp
150.95.250.159,heavy.jp
150.95.250.159,her.jp
150.95.250.159,hiho.jp
150.95.250.159,hippy.jp
150.95.250.159,holy.jp
150.95.250.159,hungry.jp
150.95.250.159,itigo.jp
150.95.250.159,jellybean.jp
150.95.250.159,kill.jp
150.95.250.159,kilo.jp
150.95.250.159,littlestar.jp
150.95.250.159,lomo.jp
150.95.250.159,main.jp
150.95.250.159,mods.jp
150.95.250.159,mond.jp
150.95.250.159,moo.jp
150.95.250.159,namaste.jp
150.95.250.159,nikita.jp
150.95.250.159,noor.jp
150.95.250.159,oops.jp
150.95.250.159,parallel.jp
150.95.250.159,pecori.jp
150.95.250.159,penne.jp
150.95.250.159,pepper.jp
150.95.250.159,pinoko.jp
150.95.250.159,pupu.jp
150.95.250.159,pya.jp
150.95.250.159,raindrop.jp
150.95.250.159,secret.jp
150.95.250.159,staba.jp
150.95.250.159,sub.jp
150.95.250.159,sunnyday.jp
150.95.250.159,under.jp
150.95.250.159,velvet.jp
150.95.250.159,versus.jp
150.95.250.159,vivian.jp
150.95.250.159,watson.jp
150.95.250.159,weblike.jp
150.95.250.159,whitesnow.jp
150.95.250.159,zombie.jp
151.101.0.144,api.gov.uk
151.101.0.144,gov.uk
151.101.0.144,service.gov.uk
151.101.0.175,scribd.com
151.101.0.249,global.prod.fastly.net
151.101.0.249,global.ssl.fastly.net
151.101.1.195,nerdpol.ovh
151.101.1.28,bandcamp.com
151.101.129.133,asana.com
151.101.129.164,nytimes.com
151.101.129.51,edgecompute.app
151.101.129.55,hlx.live
151.101.129.91,aem.live
151.101.130.133,fastly-terrarium.com
151.101.130.137,myspreadshop.at
151.101.130.137,myspreadshop.ca
151.101.130.137,myspreadshop.com
151.101.130.137,myspreadshop.com.au
151.101.130.137,myspreadshop.co.uk
151.101.130.137,myspreadshop.de
151.101.130.137,myspreadshop.es
151.101.130.137,myspreadshop.fr
151.101.130.137,myspreadshop.ie
151.101.130.137,myspreadshop.it
151.101.130.137,myspreadshop.net
151.101.130.137,myspreadshop.se
151.101.130.196,shopware.store
151.101.130.79,freetls.fastly.net
151.101.1.52,theverge.com
151.101.1.69,stackexchange.com
151.101.1.69,superuser.com
151.101.192.230,speedtest.net
151.101.193.140,reddit.com
151.101.193.63,wired.com
151.101.1.95,independent.co.uk
151.101.32.68,wikihow.com
151.101.64.73,cnn.com
151.101.65.197,behance.net
151.101.65.34,gizmodo.com
151.101.65.34,lifehacker.com
151.101.65.69,askubuntu.com
151.101.65.69,stackoverflow.com
151.104.135.165,gov.om
151.115.10.3,s3.pl-waw.scw.cloud
151.139.242.25,vps-host.net
151.80.25.64,oya.to
151.80.33.215,ouedkniss.com
15.184.190.239,auth.me-south-1.amazoncognito.com
15.197.148.33,autocode.dev
15.200.106.137,auth-fips.us-gov-west-1.amazoncognito.com
15.206.22.240,vfs.cloud9.ap-south-1.amazonaws.com
15.206.29.227,emrnotebooks-prod.ap-south-1.amazonaws.com
15.216.241.18,hp.com
152.19.134.196,fedorapeople.org
153.107.134.83,schools.nsw.edu.au
153.19.239.55,gdansk.pl
153.19.250.251,gda.pl
153.2.228.50,ups.com
153.254.147.65,goo.ne.jp
154.53.224.158,mega.nz
155.138.180.2,sjc1.vultrobjects.com
155.199.148.111,fidelity.com
155.64.16.51,norton.com
157.166.249.247,nba.com
157.240.3.19,fbcdn.net
157.7.44.197,heteml.net
157.90.252.209,voorloper.cloud
158.247.7.199,no-ip.biz
158.247.7.199,no-ip.ca
158.247.7.199,no-ip.co.uk
158.247.7.199,no-ip.info
158.247.7.199,noip.me
158.247.7.199,no-ip.net
158.247.7.199,no-ip.org
158.247.7.199,noip.us
158.247.7.206,3utilities.com
158.247.7.206,blogsyte.com
158.247.7.206,bounceme.net
158.247.7.206,brasilia.me
158.247.7.206,cable-modem.org
158.247.7.206,ciscofreak.com
158.247.7.206,collegefan.org
158.247.7.206,couchpotatofries.org
158.247.7.206,damnserver.com
158.247.7.206,ddnsking.com
158.247.7.206,ddns.me
158.247.7.206,ddns.net
158.247.7.206,ditchyourip.com
158.247.7.206,dnsfor.me
158.247.7.206,dnsiskinky.com
158.247.7.206,dvrcam.info
158.247.7.206,dynns.com
158.247.7.206,eating-organic.net
158.247.7.206,fantasyleague.cc
158.247.7.206,geekgalaxy.com
158.247.7.206,golffan.us
158.247.7.206,gotdns.ch
158.247.7.206,health-carereform.com
158.247.7.206,homesecuritymac.com
158.247.7.206,homesecuritypc.com
158.247.7.206,hopto.org
158.247.7.206,ilovecollege.info
158.247.7.206,loginto.me
158.247.7.206,mlbfan.org
158.247.7.206,mmafan.biz
158.247.7.206,myactivedirectory.com
158.247.7.206,mydissent.net
158.247.7.206,myeffect.net
158.247.7.206,myftp.biz
158.247.7.206,myftp.org
158.247.7.206,mymediapc.net
158.247.7.206,mypsx.net
158.247.7.206,mysecuritycamera.com
158.247.7.206,mysecuritycamera.net
158.247.7.206,myvnc.com
158.247.7.206,net-freaks.com
158.247.7.206,nflfan.org
158.247.7.206,nhlfan.net
158.247.7.206,onthewifi.com
158.247.7.206,pgafan.net
158.247.7.206,point2this.com
158.247.7.206,pointto.us
158.247.7.206,privatizehealthinsurance.net
158.247.7.206,quicksytes.com
158.247.7.206,read-books.org
158.247.7.206,redirectme.net
158.247.7.206,securitytactics.com
158.247.7.206,servebeer.com
158.247.7.206,serveblog.net
158.247.7.206,servecounterstrike.com
158.247.7.206,serveexchange.com
158.247.7.206,serveftp.com
158.247.7.206,servegame.com
158.247.7.206,servehalflife.com
158.247.7.206,servehttp.com
158.247.7.206,servehumour.com
158.247.7.206,serveirc.com
158.247.7.206,serveminecraft.net
158.247.7.206,servemp3.com
158.247.7.206,servep2p.com
158.247.7.206,servepics.com
158.247.7.206,servequake.com
158.247.7.206,servesarcasm.com
158.247.7.206,stufftoread.com
158.247.7.206,sytes.net
158.247.7.206,ufcfan.org
158.247.7.206,unusualperson.com
158.247.7.206,webhop.me
158.247.7.206,workisboring.com
158.247.7.206,zapto.org
158.69.201.22,dnsup.net
158.69.201.22,dynserv.org
158.69.201.22,forumz.info
158.69.201.22,freeddns.us
158.69.201.22,hicam.net
158.69.201.22,myiphost.com
158.69.201.22,mypi.co
158.69.201.22,now-dns.net
158.69.201.22,now-dns.org
158.69.201.22,ntdll.top
158.69.201.22,ownip.net
158.69.201.22,soundcast.me
158.69.201.22,tcp4.me
158.69.201.22,vpndns.net
158.69.201.22,x443.pw
158.75.35.16,torun.pl
159.106.121.75,sinaapp.com
159.253.23.131,fastvps.host
159.253.23.131,fastvps.site
159.253.23.131,myfast.host
159.253.23.131,myfast.space
159.45.66.143,wellsfargo.com
159.53.116.62,chase.com
159.54.238.69,usatoday.com
159.8.220.42,keepvid.com
160.106.123.29,gc.ca
160.251.102.56,f5.si
160.92.167.203,lequipe.fr
161.148.164.31,gov.br
161.170.244.20,walmart.com
16.12.0.28,s3-sa-east-1.amazonaws.com
16.12.0.32,s3-sa-east-1.amazonaws.com
16.12.0.39,s3-website.sa-east-1.amazonaws.com
16.12.0.3,s3-website-sa-east-1.amazonaws.com
16.12.0.44,s3.dualstack.sa-east-1.amazonaws.com
16.12.0.4,s3.sa-east-1.amazonaws.com
16.12.0.64,s3.sa-east-1.amazonaws.com
16.12.10.0,s3-website.eu-north-1.amazonaws.com
16.12.10.33,s3.eu-north-1.amazonaws.com
16.12.10.45,s3.eu-north-1.amazonaws.com
16.12.11.57,s3.dualstack.eu-north-1.amazonaws.com
16.12.11.60,s3-website.eu-north-1.amazonaws.com
16.12.12.21,s3.il-central-1.amazonaws.com
16.12.18.17,s3.dualstack.eu-west-3.amazonaws.com
16.12.18.28,s3-website.eu-west-3.amazonaws.com
16.12.18.41,s3.eu-west-3.amazonaws.com
16.12.36.121,s3.ap-south-1.amazonaws.com
16.12.36.125,s3-ap-south-1.amazonaws.com
16.12.36.12,s3-website.ap-south-1.amazonaws.com
16.12.36.41,s3.ap-south-1.amazonaws.com
16.12.36.61,s3.dualstack.ap-south-1.amazonaws.com
16.12.40.29,s3.dualstack.ap-south-1.amazonaws.com
16.12.40.61,s3-ap-south-1.amazonaws.com
16.12.4.105,s3.dualstack.ca-central-1.amazonaws.com
16.12.4.113,s3-ca-central-1.amazonaws.com
16.12.4.129,s3.ca-central-1.amazonaws.com
16.12.5.128,s3-website.ca-central-1.amazonaws.com
16.12.5.41,s3.ca-central-1.amazonaws.com
16.12.56.17,s3.ca-west-1.amazonaws.com
16.12.65.25,s3-us-east-2.amazonaws.com
16.12.66.97,s3-us-east-2.amazonaws.com
16.12.9.25,s3-eu-north-1.amazonaws.com
161.47.7.14,reimageplus.com
16.15.178.211,wpmucdn.com
16.15.184.216,wpmucdn.com
16.15.185.18,s3.dualstack.us-east-1.amazonaws.com
16.15.185.223,s3.us-east-1.amazonaws.com
16.15.192.119,elasticbeanstalk.com
16.15.192.37,s3-1.amazonaws.com
16.15.193.188,s3.dualstack.us-east-1.amazonaws.com
16.15.194.143,s3.amazonaws.com
161.53.160.228,from.hr
161.53.160.228,iz.hr
161.53.160.228,name.hr
161.69.13.140,siteadvisor.com
16.182.100.203,s3-external-1.amazonaws.com
16.182.101.64,s3.us-east-1.amazonaws.com
16.182.34.125,s3-website-us-east-1.amazonaws.com
16.182.71.213,s3-website-us-east-1.amazonaws.com
162.115.208.90,verizonwireless.com
162.159.137.9,elementor.cloud
162.159.140.237,r2.dev
162.159.140.98,media.strapiapp.com
162.212.41.11,shutterstock.com
162.216.230.98,wargaming.net
162.216.242.208,accesscam.org
162.216.242.208,camdvr.org
162.216.242.208,casacam.net
162.216.242.208,ddnsfree.com
162.216.242.208,ddnsgeek.com
162.216.242.208,dynu.net
162.216.242.208,freeddns.org
162.216.242.208,giize.com
162.216.242.208,gleeze.com
162.216.242.208,kozow.com
162.216.242.208,loseyourip.com
162.216.242.208,myddns.rocks
162.216.242.208,mywire.org
162.216.242.208,ooguy.com
162.216.242.208,theworkpc.com
162.216.242.208,webredirect.org
162.241.156.11,lib.ms.us
162.243.189.2,nyc3.digitaloceanspaces.com
162.243.189.4,nyc3-static.digitaloceanspaces.com
162.244.94.11,lab.ms
162.255.118.65,ingress-alpha.ewp.live
162.255.119.160,hostyhosting.io
162.55.0.137,bplaced.com
162.55.0.137,bplaced.de
162.55.0.137,bplaced.net
162.55.0.137,square7.ch
162.55.0.137,square7.de
162.55.0.137,square7.net
162.55.237.202,nsupdate.info
163.172.21.184,adexc.net
163.195.1.225,gov.za
163.43.179.80,sakura.ne.jp
163.53.78.58,flipkart.com
164.132.235.17,cluster023.hosting.ovh.net
164.151.132.40,mil.za
164.160.41.85,gouv.ci
164.58.253.30,cc.ok.us
164.58.253.30,lib.ok.us
164.82.40.33,k12.dc.us
165.160.13.20,mydatto.com
167.114.191.215,neobux.com
167.21.84.78,lib.de.us
168.138.216.227,ath.cx
168.138.216.227,barrell-of-knowledge.info
168.138.216.227,better-than.tv
168.138.216.227,blogdns.org
168.138.216.227,boldlygoingnowhere.org
168.138.216.227,buyshouses.net
168.138.216.227,dnsalias.org
168.138.216.227,does-it.net
168.138.216.227,doesntexist.com
168.138.216.227,dyndns-at-work.com
168.138.216.227,dyndns-free.com
168.138.216.227,dyndns-ip.com
168.138.216.227,dyndns-mail.com
168.138.216.227,dyndns-server.com
168.138.216.227,endofinternet.org
168.138.216.227,endoftheinternet.org
168.138.216.227,est-a-la-masion.com
168.138.216.227,est-le-patron.com
168.138.216.227,for-better.biz
168.138.216.227,forgot.his.name
168.138.216.227,for-the.biz
168.138.216.227,from-al.com
168.138.216.227,from-ar.com
168.138.216.227,from-ca.com
168.138.216.227,from-de.com
168.138.216.227,from-hi.com
168.138.216.227,from-la.net
168.138.216.227,from-mn.com
168.138.216.227,from-ms.com
168.138.216.227,from-pa.com
168.138.216.227,getmyip.com
168.138.216.227,gotdns.com
168.138.216.227,groks-this.info
168.138.216.227,homeftp.net
168.138.216.227,iamallama.com
168.138.216.227,is-a-conservative.com
168.138.216.227,is-a-democrat.com
168.138.216.227,is-a-doctor.com
168.138.216.227,is-a-personaltrainer.com
168.138.216.227,is-a-photographer.com
168.138.216.227,is-a-player.com
168.138.216.227,is-a-teacher.com
168.138.216.227,is-certified.com
168.138.216.227,is-into-cars.com
168.138.216.227,is-uberleet.com
168.138.216.227,land-4-sale.us
168.138.216.227,lebtimnetz.de
168.138.216.227,leitungsen.de
168.138.216.227,likescandy.com
168.138.216.227,misconfused.org
168.138.216.227,myphotos.cc
168.138.216.227,scrapping.cc
168.138.216.227,selfip.org
168.138.216.227,sells-it.net
168.138.216.227,servebbs.net
168.138.216.227,serveftp.org
168.138.216.227,simple-url.com
168.62.48.183,safefinder.com
169.60.151.232,co.com
170.146.93.56,adp.com
170.167.117.81,costco.com
170.185.15.60,k12.ky.us
170.20.0.18,cbsnews.com
17.110.240.82,icloud.com
171.161.148.150,bankofamerica.com
171.67.215.200,stanford.edu
17.178.96.59,apple.com
172.105.27.99,grayjayleagues.com
172.217.16.20,du.r.appspot.com
172.217.16.41,blogspot.co.za
172.217.16.9,blogspot.gr
172.217.16.9,blogspot.hk
172.217.16.9,blogspot.jp
172.217.16.9,blogspot.qa
172.217.16.9,blogspot.se
172.217.16.9,blogspot.ug
172.217.5.100,googleapis.com
172.217.5.100,google.kz
172.224.14.250,xe.com
172.232.0.218,us-ord-1.linodeobjects.com
172.232.133.55,se-sto-1.linodeobjects.com
172.232.160.177,us-sea-1.linodeobjects.com
172.232.194.194,it-mil-1.linodeobjects.com
172.232.96.79,in-maa-1.linodeobjects.com
172.233.0.241,br-gru-1.linodeobjects.com
172.233.111.121,es-mad-1.linodeobjects.com
172.233.128.219,us-lax-1.linodeobjects.com
172.233.160.187,us-mia-1.linodeobjects.com
172.233.33.241,nl-ams-1.linodeobjects.com
172.233.64.155,jp-osa-1.linodeobjects.com
173.194.74.160,google.cn
173.199.112.10,ams1.vultrobjects.com
173.222.136.22,jabong.com
173.222.250.158,lenovo.com
173.255.231.96,us-east-1.linodeobjects.com
173.255.231.96,website-us-east-1.linodeobjects.com
174.129.25.170,thekitchn.com
174.138.102.152,hashbang.sh
174.143.228.153,chron.com
174.36.40.35,informer.com
175.176.147.36,gov.to
175.41.239.133,qiita.com
175.99.129.201,momoshop.com.tw
176.32.108.183,amazon.es
176.32.108.186,amazon.co.uk
176.32.98.168,amazon.ca
176.41.133.10,n11.com
176.53.43.2,eksisozluk.com
176.58.102.227,nic.za
176.96.136.52,csx.cc
177.84.201.246,ap.gov.br
177.87.96.94,rn.gov.br
178.172.160.19,of.by
178.18.22.179,ultimate-guitar.com
178.210.74.11,abkhazia.su
178.210.74.11,adygeya.ru
178.210.74.11,adygeya.su
178.210.74.11,aktyubinsk.su
178.210.74.11,arkhangelsk.su
178.210.74.11,armenia.su
178.210.74.11,ashgabad.su
178.210.74.11,azerbaijan.su
178.210.74.11,balashov.su
178.210.74.11,bashkiria.ru
178.210.74.11,bashkiria.su
178.210.74.11,bir.ru
178.210.74.11,bryansk.su
178.210.74.11,bukhara.su
178.210.74.11,cbg.ru
178.210.74.11,chimkent.su
178.210.74.11,com.ru
178.210.74.11,dagestan.ru
178.210.74.11,dagestan.su
178.210.74.11,east-kazakhstan.su
178.210.74.11,exnet.su
178.210.74.11,georgia.su
178.210.74.11,grozny.ru
178.210.74.11,grozny.su
178.210.74.11,ivanovo.su
178.210.74.11,jambyl.su
178.210.74.11,kalmykia.ru
178.210.74.11,kalmykia.su
178.210.74.11,kaluga.su
178.210.74.11,karacol.su
178.210.74.11,karaganda.su
178.210.74.11,karelia.su
178.210.74.11,khakassia.su
178.210.74.11,krasnodar.su
178.210.74.11,kurgan.su
178.210.74.11,kustanai.ru
178.210.74.11,kustanai.su
178.210.74.11,lenug.su
178.210.74.11,mangyshlak.su
178.210.74.11,marine.ru
178.210.74.11,mordovia.ru
178.210.74.11,mordovia.su
178.210.74.11,msk.ru
178.210.74.11,msk.su
178.210.74.11,murmansk.su
178.210.74.11,mytis.ru
178.210.74.11,nalchik.ru
178.210.74.11,nalchik.su
178.210.74.11,navoi.su
178.210.74.11,north-kazakhstan.su
178.210.74.11,nov.ru
178.210.74.11,nov.su
178.210.74.11,obninsk.su
178.210.74.11,penza.su
178.210.74.11,pokrovsk.su
178.210.74.11,pyatigorsk.ru
178.210.74.11,ru.net
178.210.74.11,sochi.su
178.210.74.11,spb.ru
178.210.74.11,spb.su
178.210.74.11,tashkent.su
178.210.74.11,termez.su
178.210.74.11,togliatti.su
178.210.74.11,troitsk.su
178.210.74.11,tselinograd.su
178.210.74.11,tula.su
178.210.74.11,tuva.su
178.210.74.11,vladikavkaz.ru
178.210.74.11,vladikavkaz.su
178.210.74.11,vladimir.ru
178.210.74.11,vladimir.su
178.210.74.11,vologda.su
178.236.137.157,seasonvar.ru
178.236.6.242,amazon.fr
178.236.7.146,amazon.it
178.236.7.219,amazon.de
178.248.233.26,sputniknews.com
178.248.233.32,ria.ru
178.32.127.193,eu-2.evennode.com
178.32.127.193,eu-3.evennode.com
178.32.127.193,eu-4.evennode.com
178.33.165.129,exoclick.com
178.33.175.52,convert2mp3.net
178.33.44.27,freepik.com
178.62.234.149,pp.ua
178.63.68.96,schokokeks.net
178.79.150.199,gov.fk
178.79.175.148,gov.ie
179.252.115.120,ac.gov.br
179.27.169.133,gub.uy
180.149.132.47,baidu.com
180.149.134.141,weibo.com
180.149.98.234,xn--l1acc
180.179.112.50,makemytrip.com
180.179.139.171,paytm.in
180.233.137.163,ameba.jp
18.102.101.95,auth.eu-south-1.amazoncognito.com
181.191.89.4,ma.gov.br
18.130.9.174,notebook.eu-west-2.sagemaker.aws
18.139.206.109,studio.ap-southeast-1.sagemaker.aws
18.140.11.139,vfs.cloud9.ap-southeast-1.amazonaws.com
18.158.249.75,ap.ngrok.io
18.158.249.75,au.ngrok.io
18.158.249.75,eu.ngrok.io
18.158.249.75,in.ngrok.io
18.158.249.75,jp.ngrok.io
18.158.249.75,sa.ngrok.io
18.158.249.75,us.ngrok.io
18.162.107.25,notebook.ap-east-1.sagemaker.aws
18.168.74.199,instances.spawn.cc
18.171.88.105,auth.eu-west-2.amazoncognito.com
18.177.27.120,studio.ap-northeast-1.sagemaker.aws
18.178.209.49,base.ec
18.178.209.49,base.shop
18.178.209.49,buyshop.jp
18.178.209.49,fashionstore.jp
18.178.209.49,handcrafted.jp
18.178.209.49,kawaiishop.jp
18.178.209.49,official.ec
18.178.209.49,shopselect.net
18.189.234.160,emrappui-prod.us-east-2.amazonaws.com
18.189.234.160,emrnotebooks-prod.us-east-2.amazonaws.com
18.190.140.180,studio.us-east-2.sagemaker.aws
18.193.4.53,vfs.cloud9.eu-central-1.amazonaws.com
18.194.5.49,eu.pythonanywhere.com
18.197.176.198,notebook.eu-central-1.sagemaker.aws
18.202.109.48,auth.eu-west-1.amazoncognito.com
18.203.208.26,studio.eu-west-1.sagemaker.aws
18.204.145.77,eu.meteorapp.com
18.204.75.116,webflow.io
18.205.217.214,analytics-gateway.us-east-1.amazonaws.com
182.131.26.231,cnnic.cn
18.213.209.233,notebook-fips.us-east-1.sagemaker.aws
18.213.64.68,myqnapcloud.com
182.161.117.203,op.gg
18.218.228.92,auth.us-east-2.amazoncognito.com
182.22.59.229,yahoo.co.jp
18.223.236.81,notebook.us-east-2.sagemaker.aws
18.223.245.149,vfs.cloud9.us-east-2.amazonaws.com
182.253.224.184,tokopedia.com
182.253.238.102,bukalapak.com
18.229.16.203,notebook.sa-east-1.sagemaker.aws
18.232.40.210,outsystemscloud.com
182.92.104.151,zhanqi.tv
182.92.227.35,voc.com.cn
184.168.221.15,setn.com
184.168.221.35,ablogica.com
184.168.221.59,codeonclick.com
184.173.147.39,whatsapp.com
184.173.183.25,banggood.com
184.25.63.43,manoramaonline.com
184.26.93.48,macys.com
184.26.93.72,mashable.com
184.51.50.189,nordstrom.com
184.51.68.63,steamcommunity.com
184.72.124.184,duolingo.com
184.72.17.7,studio.us-west-1.sagemaker.aws
185.105.35.11,cloudns.nz
185.105.35.11,cloudns.ph
185.12.113.221,net.ua
185.12.115.200,dn.ua
185.12.115.209,donetsk.ua
185.12.115.209,lg.ua
185.12.115.209,lugansk.ua
185.12.115.209,luhansk.ua
185.12.115.209,sm.ua
185.12.115.209,sumy.ua
185.12.115.209,zaporizhzhe.ua
185.12.115.209,zaporizhzhia.ua
185.12.115.209,zp.ua
185.132.160.21,gov.me
185.134.245.113,mosvik.no
185.147.176.11,aparat.com
185.15.56.11,toolforge.org
185.15.56.49,wmcloud.org
185.15.56.49,wmflabs.org
185.166.143.48,bitbucket.io
185.168.19.128,gov.rs
185.17.119.32,idnes.cz
185.174.235.85,it.com
185.185.170.35,iki.fi
185.199.108.153,github.io
185.199.108.153,is-a.dev
185.199.108.153,is-cool.dev
185.199.108.153,webthings.io
185.204.217.250,cfolks.pl
185.206.180.130,dns-cloud.net
185.206.180.182,cloudns.be
185.206.180.182,dns-dynamic.net
185.253.215.12,co.pl
185.26.156.103,barnard.uberspace.de
185.26.156.123,herse.uberspace.de
185.26.156.129,giacobini.uberspace.de
185.26.156.12,atria.uberspace.de
185.26.156.133,read.uberspace.de
185.26.156.137,bernardi.uberspace.de
185.26.156.138,hernmann.uberspace.de
185.26.156.139,adrastea.uberspace.de
185.26.156.140,aegaeon.uberspace.de
185.26.156.145,ananke.uberspace.de
185.26.156.146,aoede.uberspace.de
185.26.156.147,arche.uberspace.de
185.26.156.155,bebhionn.uberspace.de
185.26.156.159,bianca.uberspace.de
185.26.156.160,caliban.uberspace.de
185.26.156.161,callirrhoe.uberspace.de
185.26.156.163,chaldene.uberspace.de
185.26.156.165,lovas.uberspace.de
185.26.156.166,chiron.uberspace.de
185.26.156.171,hippocamp.uberspace.de
185.26.156.174,spitaler.uberspace.de
185.26.156.183,charon.uberspace.de
185.26.156.185,devico.uberspace.de
185.26.156.188,elst.uberspace.de
185.26.156.194,0e.vc
185.26.156.202,cressida.uberspace.de
185.26.156.206,spahr.uberspace.de
185.26.156.20,deneb.uberspace.de
185.26.156.210,hyrrokkin.uberspace.de
185.26.156.212,scotti.uberspace.de
185.26.156.217,cyllene.uberspace.de
185.26.156.223,dysnomia.uberspace.de
185.26.156.225,elara.uberspace.de
185.26.156.226,epimetheus.uberspace.de
185.26.156.22,peacock.uberspace.de
185.26.156.234,eurydome.uberspace.de
185.26.156.236,fenrir.uberspace.de
185.26.156.239,fornjot.uberspace.de
185.26.156.243,greip.uberspace.de
185.26.156.245,harpalyke.uberspace.de
185.26.156.246,hati.uberspace.de
185.26.156.33,alphard.uberspace.de
185.26.156.36,acrux.uberspace.de
185.26.156.37,betelgeuse.uberspace.de
185.26.156.40,mirfac.uberspace.de
185.26.156.45,alioth.uberspace.de
185.26.156.54,ankaa.uberspace.de
185.26.156.56,arend.uberspace.de
185.26.156.68,brooks.uberspace.de
185.26.156.69,holmes.uberspace.de
185.26.156.73,kopff.uberspace.de
185.26.156.76,webmail.uberspace.de
185.26.156.78,uber.space
185.26.156.79,crommelin.uberspace.de
185.26.156.82,reinmuth.uberspace.de
185.26.156.87,klemola.uberspace.de
185.26.156.88,taylor.uberspace.de
185.26.156.89,kojima.uberspace.de
185.26.156.91,kohoutek.uberspace.de
185.26.156.95,giclas.uberspace.de
185.26.230.129,asos.com
185.26.49.22,xn--hkkinen-5wa.fi
185.30.233.153,nom.za
185.31.17.78,map.fastly.net
185.31.40.130,alwaysdata.net
185.37.100.122,rarbg.to
185.40.52.188,dev.futurecms.at
185.40.52.188,ex.futurecms.at
185.40.52.188,in.futurecms.at
185.41.8.39,temp-dns.com
185.42.236.11,goal.com
185.4.227.116,mangafox.me
185.44.0.35,drom.ru
185.46.22.111,aip.ee
185.53.36.101,corriere.it
185.53.36.102,gazzetta.it
185.56.187.202,mil.no
185.62.149.41,dynamic-dns.info
185.62.149.41,dynamisches-dns.de
185.62.149.41,feste-ip.net
185.70.212.136,ero-advertising.com
185.72.231.14,rbc.ru
185.80.94.84,jelastic.dogado.eu
185.89.12.132,avito.ru
185.94.84.100,investing.com
186.192.90.5,globo.com
186.227.194.84,pa.gov.br
186.234.196.180,americanas.com.br
18.66.147.117,glitch.me
18.66.233.118,gsj.bz
187.1.130.10,kinghost.net
187.17.3.22,se.gov.br
187.62.128.44,rj.gov.br
187.84.96.208,olx.com.br
187.86.226.68,ms.gov.br
188.114.96.11,bss.design
188.114.96.11,gentapps.com
188.114.96.11,gentlentapis.com
188.114.96.11,gitlab.io
188.114.96.11,hoplix.shop
188.114.96.11,noticeable.news
188.114.96.11,omniwe.site
188.114.96.11,pgfog.com
188.114.96.11,platform0.app
188.114.96.11,streaklinks.com
188.121.227.54,tuxfamily.org
188.165.11.93,cloudns.org
188.165.53.185,cluster021.hosting.ovh.net
188.165.59.25,cluster025.hosting.ovh.net
188.165.61.82,cluster024.hosting.ovh.net
188.166.117.245,curapelanatureza.com.br
188.166.137.235,myshopblocks.com
188.68.62.251,bci.dnstrace.pro
189.90.164.186,ce.gov.br
189.91.161.228,abril.com.br
190.14.106.3,gob.bo
190.220.56.48,lanacion.com.ar
191.6.210.209,uni5.net
192.0.72.2,files.wordpress.com
192.0.78.24,wp.com
192.0.78.9,wordpress.com
192.0.79.32,fivethirtyeight.com
192.0.79.33,indianexpress.com
192.0.79.33,nypost.com
192.0.79.33,techcrunch.com
192.0.79.33,time.com
192.104.182.109,bloxcms.com
192.104.182.109,townnews-staging.com
192.124.249.15,tamilrockers.la
192.124.249.69,gov.kn
192.129.25.42,nature.com
192.133.99.13,cc.nm.us
192.133.99.13,lib.nm.us
192.147.0.123,etsy.com
192.150.16.117,adobe.com
192.161.154.1,zendesk.com
192.16.31.23,verizon.com
192.187.77.17,latimes.com
192.193.218.80,citi.com
192.211.12.20,zillow.com
192.229.182.112,tripadvisor.com
192.230.66.165,kooora.com
192.237.224.60,pantheonsite.io
192.248.1.189,ac.lk
192.30.253.112,github.com
192.33.31.51,slickdeals.net
192.33.31.56,washingtonpost.com
192.33.31.72,fiverr.com
192.4.1.22,perspecta.cloud
192.64.119.222,storj.farm
192.9.243.240,us.kg
192.96.24.1,alt.za
192.96.24.1,edu.za
193.108.130.23,lelux.site
193.108.130.23,wellbeingzone.eu
193.108.130.23,yombo.me
193.108.200.10,kaas.gg
193.108.200.10,khplay.nl
193.110.128.199,elmundo.es
193.110.128.199,marca.com
193.13.133.90,com.se
193.148.166.89,runs.onstackit.cloud
193.148.166.89,stackit.rocks
193.148.166.89,stackit.run
193.148.166.89,stackit.zone
193.164.196.82,leboncoin.fr
193.200.255.44,v.ua
193.201.116.3,km.ua
193.230.31.206,www.ro
193.23.157.14,kirovograd.ua
193.23.157.14,kr.ua
193.239.44.97,beep.pl
193.243.158.11,vn.ua
193.243.158.4,vinnica.ua
193.252.148.140,orange.fr
193.28.225.200,hepsiburada.com
193.36.45.134,jeuxvideo.com
193.40.65.61,edu.ee
194.126.200.213,cyon.link
194.126.200.42,cyon.site
194.132.198.165,spotify.com
194.181.92.97,gov.pl
194.226.41.15,net.ru
194.226.41.15,org.ru
194.226.41.15,pp.ru
194.50.69.124,mobile.de
194.54.14.159,sberbank.ru
194.79.57.145,altoadige.it
195.12.114.75,gov.kz
195.128.64.10,int.ru
195.150.14.11,zakopane.pl
195.154.63.242,loginline.site
195.182.95.146,gov.lt
195.211.221.116,rapidgator.net
195.215.112.238,dk.eu.org
195.216.243.246,narod.ru
195.234.4.26,cc.ua
195.234.4.26,inf.ua
195.234.4.26,ltd.ua
195.24.205.60,cm
195.246.101.212,freight.aero
195.4.152.239,spdns.de
195.69.185.101,kharkiv.ua
195.69.222.130,zhitomir.ua
195.69.222.130,zt.ua
195.78.66.96,lubartow.pl
195.80.123.142,riik.ee
195.80.123.179,gov.ee
195.82.146.214,rutracker.org
195.8.215.136,dailymotion.com
195.88.51.10,dfirma.pl
195.88.51.13,dkonto.pl
196.13.208.87,gov.sc
196.2.1.6,ns.jm
196.29.58.45,jozi.biz
196.29.59.27,co.za
196.29.59.27,net.za
196.29.59.27,org.za
196.29.59.27,web.za
196.3.190.34,gov.jm
196.41.123.126,nis.za
196.41.123.53,law.za
197.13.10.134,oxa.cloud
197.155.158.28,gouv.ml
197.221.227.139,gov.zw
197.243.22.155,gov.rw
197.255.224.69,edu.km
197.255.224.8,gouv.km
197.255.224.8,gov.km
197.81.192.86,za.bz
198.11.132.250,aliexpress.com
198.134.112.232,clicksgear.com
198.134.112.232,terraclicks.com
198.134.112.237,smartnewtab.com
198.153.202.150,gap.com
198.175.116.54,intel.com
198.176.43.184,trulia.com
198.188.255.132,cc.ca.us
198.239.146.20,k12.wa.us
198.244.136.230,jelastic.team
198.251.84.236,prvcy.page
198.41.209.131,okcupid.com
198.41.214.162,cloudflare.com
198.49.23.177,squarespace.com
198.51.100.1,dopaas.com
198.81.200.2,sciencedirect.com
199.116.78.60,cloudaccess.host
199.116.78.60,freesite.host
199.116.78.60,wpdevcloud.com
199.15.163.128,wixstudio.com
199.181.131.249,go.com
199.181.132.250,espn.com
199.182.102.13,cnbc.com
199.182.216.166,pof.com
199.21.148.21,clicksor.net
199.232.192.143,b.ssl.fastly.net
199.232.192.204,a.prod.fastly.net
199.232.192.249,a.ssl.fastly.net
199.36.158.100,firebaseapp.com
199.36.158.100,web.app
199.59.148.12,t.co
199.59.243.227,blogsite.xyz
199.59.243.227,onred.one
199.59.243.227,shiftedit.io
199.59.243.227,staging.onred.one
199.59.88.25,cam4.com
199.80.59.194,liveleak.com
199.80.64.202,lib.la.us
200.12.20.0,emol.com
200.147.67.142,uol.com.br
200.164.109.54,pb.gov.br
200.187.32.253,ba.gov.br
200.189.114.202,pr.gov.br
200.19.215.161,sc.gov.br
200.198.128.227,rs.gov.br
200.198.15.50,mg.gov.br
200.238.107.167,pe.gov.br
200.242.37.26,am.gov.br
200.42.136.212,clarin.com
20.102.59.111,gov.tt
20.106.104.49,radio.am
20.106.104.49,radio.fm
201.2.96.78,ro.gov.br
201.49.173.84,mt.gov.br
201.55.11.75,sp.gov.br
201.62.44.147,es.gov.br
202.102.90.109,ci123.com
202.108.119.193,xinhuanet.com
202.108.33.60,sina.com.cn
202.108.8.82,cctv.com
202.109.106.1,stockstar.com
202.1.203.100,coop.mv
202.1.203.100,info.mv
202.1.203.100,int.mv
202.1.203.100,mil.mv
202.1.203.100,museum.mv
202.1.203.100,name.mv
202.1.207.124,pro.mv
202.130.245.42,china.com.cn
202.146.4.100,kompas.com
202.153.132.99,suara.com
202.158.120.51,tempo.co
202.175.34.4,gov.mo
202.179.177.21,naver.com
202.213.125.97,iobb.net
202.238.142.229,nikkeibp.co.jp
20.223.8.30,gov.pt
202.239.30.129,tabelog.com
202.248.110.184,nicovideo.jp
202.28.1.60,online.th
202.28.1.60,shop.th
202.39.235.20,mobile01.com
202.5.205.98,edu.mn
202.74.69.220,nz.basketball
202.80.220.218,okezone.com
202.87.61.100,shopclues.com
203.104.138.138,line.me
203.12.21.5,bola.net
203.12.21.5,kapanlagi.com
203.151.13.169,pantip.com
203.183.234.2,impress.co.jp
203.202.223.140,japanpost.jp
203.209.152.60,dmm.co.jp
203.209.152.98,dmm.com
203.27.235.25,icicibank.com
203.98.227.16,gov.nr
204.13.248.119,go.dyndns.org
204.13.248.119,home.dyndns.org
204.135.8.50,fedex.com
204.154.94.73,evernote.com
204.155.149.29,4shared.com
204.155.151.81,vporn.com
204.155.159.27,mysagagame.com
204.19.241.67,mayfirst.org
204.194.222.28,aweber.com
204.234.17.135,k12.ne.us
204.62.114.180,basecamp.com
204.63.46.18,capitalone.com
204.74.99.100,adobeaemcloud.com
204.74.99.100,force.com
204.74.99.100,snapdeal.com
204.74.99.101,expedia.com
204.79.197.200,bing.com
205.186.187.178,adplxmd.com
205.196.120.13,mediafire.com
205.201.132.96,list-manage.com
205.203.132.65,wsj.com
205.203.139.53,marketwatch.com
205.204.101.42,alibaba.com
206.108.40.108,intuit.com
206.125.164.82,sex.com
206.131.180.21,realtor.com
206.132.6.134,reuters.com
206.190.36.45,yahoo.com
206.207.84.93,bodybuilding.com
206.217.206.81,reallifecam.com
206.54.163.4,onclickads.net
206.54.181.13,clickadu.com
206.54.181.39,alxsite.com
206.63.229.37,k12.id.us
207.11.34.219,homedepot.com
207.154.196.42,vaporcloud.io
207.165.7.248,k12.ia.us
207.171.166.22,amazonaws.com
207.198.114.125,digitaltrends.com
207.200.74.123,engadget.com
207.200.74.38,aol.com
207.229.73.117,myfreecams.com
207.241.148.80,about.com
207.241.224.2,archive.org
207.242.93.24,accuweather.com
207.244.89.86,friv.com
207.250.205.14,microsoftstore.com
208.109.4.218,godaddy.com
208.109.4.222,secureserver.net
208.185.238.251,merriam-webster.com
208.215.179.146,wiley.com
208.75.122.14,constantcontact.com
208.80.153.224,wikimedia.org
208.80.153.224,wikipedia.org
208.80.153.224,wiktionary.org
208.82.237.129,craigslist.org
208.85.40.50,pandora.com
208.88.225.39,hilltopads.net
208.90.112.13,gov.ms
208.93.0.150,livejournal.com
208.93.170.15,webmd.com
208.94.116.100,nfshost.com
208.94.137.69,kayak.com
208.94.153.100,southwest.com
209.102.213.14,mlb.com
209.15.249.230,researchgate.net
209.160.58.87,thefreedictionary.com
209.17.116.160,4u.com
209.17.80.100,photobucket.com
209.200.152.199,playstation.com
209.225.49.78,mercadolibre.com.ar
209.225.49.84,mercadolibre.com.mx
209.38.154.253,telebit.app
209.38.154.253,telebit.io
209.58.128.90,xda-developers.com
209.94.90.1,ipns.dweb.link
210.115.150.1,donga.com
210.129.120.43,pixiv.net
210.129.151.129,kakaku.com
210.154.149.63,mynavi.jp
210.155.3.54,dojin.com
210.163.219.24,twimg.com
210.189.86.12,weblio.jp
210.210.18.53,onlinesbi.com
210.210.24.66,billdesk.com
210.224.168.100,sakura.ne.jp
210.51.19.63,ifeng.com
211.45.27.231,samsung.com
211.72.207.210,mymailer.com.tw
211.72.207.210,twmail.cc
211.72.207.210,twmail.net
211.72.207.210,twmail.org
211.72.207.210,url.tw
212.106.184.5,bielsko.pl
212.112.98.134,gov.kg
212.129.44.36,port.fr
212.182.125.67,leczna.pl
212.18.250.170,jp.net
212.182.63.142,lublin.pl
212.182.63.142,swidnik.pl
212.23.5.205,grondar.za
212.27.48.10,free.fr
212.31.252.70,subito.it
212.42.244.100,myfritz.net
212.58.246.78,bbc.com
212.58.246.78,bbc.co.uk
212.64.220.170,betainabox.com
212.70.163.65,mil.lv
212.70.165.107,gov.lv
212.70.194.229,cy.eu.org
212.70.194.229,gr.eu.org
212.77.98.9,wp.pl
212.95.74.42,lefigaro.fr
212.97.32.174,blastingnews.com
213.13.146.142,sapo.pt
213.133.103.8,curv.dev
213.138.96.4,uk0.bigv.io
213.157.68.249,aivencloud.com
213.171.210.105,pages.wiardweb.com
213.174.158.155,beeg.com
213.180.141.140,onet.pl
213.180.193.243,storage.yandexcloud.net
213.180.193.247,website.yandexcloud.net
213.186.33.17,cluster006.hosting.ovh.net
213.186.33.18,cluster007.hosting.ovh.net
213.186.33.19,cluster010.hosting.ovh.net
213.186.33.2,cluster002.hosting.ovh.net
213.186.33.40,cluster011.hosting.ovh.net
213.186.33.4,cluster003.hosting.ovh.net
213.186.33.87,cluster014.hosting.ovh.net
213.210.34.143,pages.gay
213.222.211.90,unicloud.pl
213.244.86.40,gov.ps
213.249.70.16,co.nl
213.251.134.98,pagexl.com
213.92.16.101,repubblica.it
213.95.206.42,gutefrage.net
216.146.46.10,chip.de
216.146.46.11,givemesport.com
216.151.17.130,discogs.com
216.18.168.1,bongacams.com
216.200.199.56,bidverdrs.com
216.21.13.12,popads.net
216.229.194.4,k12.ms.us
216.239.116.100,cbssports.com
216.239.32.21,appspaceusercontent.com
216.239.32.21,flutterflow.app
216.239.32.27,pagespeedmobilizer.com
216.239.32.53,h-147.run.app
216.239.36.56,an.gateway.dev
216.239.36.56,ew.gateway.dev
216.239.36.56,nw.gateway.dev
216.239.36.56,ts.gateway.dev
216.239.36.56,uc.gateway.dev
216.239.36.56,ue.gateway.dev
216.239.36.56,uk.gateway.dev
216.239.36.56,wl.gateway.dev
216.239.36.56,wm.gateway.dev
216.33.197.59,mercadolivre.com.br
216.33.197.90,mercadolibre.com.ve
216.34.181.60,sourceforge.net
216.35.221.76,npr.org
216.58.193.100,google.by
216.58.193.67,google.com.hk
216.58.193.68,google.az
216.58.193.68,googlevideo.com
216.58.194.105,blogspot.com.br
216.58.194.163,google.be
216.58.194.163,google.com.bd
216.58.194.163,google.com.do
216.58.194.163,google.com.my
216.58.194.163,google.com.ua
216.58.194.163,google.com.vn
216.58.194.163,google.gr
216.58.194.163,google.hu
216.58.194.163,google.ie
216.58.194.163,google.no
216.58.194.163,google.tn
216.58.194.169,blogspot.co.id
216.58.194.195,google.co.za
216.58.195.227,google.com.ec
216.58.195.227,google.com.ly
216.58.195.227,google.com.ph
216.58.195.227,google.co.ve
216.58.195.67,google.com.co
216.58.195.67,google.hr
216.58.208.193,playables.usercontent.goog
216.58.208.201,blogspot.co.id
216.58.208.201,blogspot.co.ke
216.58.208.201,blogspot.com.ee
216.58.208.206,withgoogle.com
216.58.208.212,an.r.appspot.com
216.58.209.20,as.r.appspot.com
216.58.209.20,de.r.appspot.com
216.58.209.20,wn.r.appspot.com
216.58.209.4,googleapis.com
216.58.209.9,blogspot.ae
216.58.215.105,blogspot.pe
216.58.215.73,blogspot.am
216.58.215.73,blogspot.in
216.58.215.73,blogspot.ru
216.58.215.73,blogspot.si
216.58.215.84,oa.r.appspot.com
216.58.216.132,android.com
216.58.217.14,google.com
216.58.217.35,google.ch
216.58.217.35,google.cl
216.58.217.35,google.co.ao
216.58.217.35,google.co.id
216.58.217.35,google.co.il
216.58.217.35,google.co.in
216.58.217.35,google.co.kr
216.58.217.35,google.com.ar
216.58.217.35,google.com.au
216.58.217.35,google.com.br
216.58.217.35,google.com.eg
216.58.217.35,google.com.kw
216.58.217.35,google.com.mx
216.58.217.35,google.com.ng
216.58.217.35,google.com.pe
216.58.217.35,google.com.sa
216.58.217.35,google.com.sg
216.58.217.35,google.com.tr
216.58.217.35,google.com.tw
216.58.217.35,google.co.nz
216.58.217.35,google.co.th
216.58.217.35,google.co.uk
216.58.217.35,google.cz
216.58.217.35,google.de
216.58.217.35,google.dk
216.58.217.35,google.es
216.58.217.35,google.fr
216.58.217.35,google.lk
216.58.217.35,google.lt
216.58.217.35,google.nl
216.58.217.35,google.pl
216.58.217.35,google.ro
216.58.217.35,google.sk
216.58.217.3,google.ae
216.58.217.3,google.at
216.58.217.3,google.bg
216.58.217.3,google.ca
216.58.217.3,google.co.jp
216.58.217.3,google.com.pk
216.58.217.3,google.dz
216.58.217.3,google.fi
216.58.217.3,google.iq
216.58.217.3,google.it
216.58.217.3,google.pt
216.58.217.3,google.rs
216.58.217.3,google.ru
216.58.217.3,google.se
216.58.217.41,blogger.com
216.58.217.41,blogspot.com
216.58.217.41,blogspot.com.eg
216.58.217.41,blogspot.fr
216.58.217.41,blogspot.jp
216.58.217.41,blogspot.mx
216.58.217.46,doubleclick.net
216.58.217.46,goo.gl
216.58.217.46,youtube.com
216.58.217.9,blogspot.com.es
216.58.217.9,blogspot.de
217.115.162.97,veterinaire.fr
217.119.57.22,tk
217.13.124.95,leadzupc.com
217.160.92.99,co.uz
217.160.92.99,net.uz
217.160.92.99,org.uz
217.174.211.84,experts-comptables.fr
217.174.238.53,mil.tm
217.182.141.81,opencraft.hosting
217.197.80.11,dyn-berlin.de
217.197.80.11,in-berlin.de
217.197.80.11,in-brb.de
217.197.80.11,in-butter.de
217.197.80.11,in-dsl.de
217.197.80.11,in-dsl.net
217.197.80.11,in-dsl.org
217.197.80.11,in-vpn.de
217.197.80.11,in-vpn.net
217.197.80.11,in-vpn.org
217.197.91.145,codeberg.page
217.20.155.58,ok.ru
217.20.166.231,odessa.ua
217.70.184.38,avoues.fr
217.70.184.38,cleverapps.io
217.70.184.38,loginline.io
217.70.184.38,loginline.services
217.70.184.55,loginline.app
217.70.184.55,loginline.dev
217.74.65.23,interia.pl
218.211.33.75,ltn.com.tw
219.153.58.101,cqnews.net
219.239.88.112,yesky.com
219.75.130.121,gigazine.net
219.85.79.131,ettoday.net
220.181.155.192,le.com
220.181.168.129,1kapp.com
220.181.172.160,appchizi.com
220.181.172.160,applinzi.com
220.181.172.160,vipsinaapp.com
220.181.90.20,sohu.com
220.231.200.140,sq.cn
221.143.22.47,dcinside.com
222.240.172.227,rednet.cn
223.165.27.13,indiatimes.com
223.200.178.28,gov.tw
223.223.182.120,china.com
23.15.240.46,diply.com
23.170.80.10,gov.vc
23.194.78.93,mit.edu
23.194.93.121,hulu.com
23.196.238.210,zomato.com
23.21.123.233,reference.com
23.21.220.245,okta.com
23.213.53.85,wowhead.com
23.215.104.34,rediff.com
23.227.38.32,myshopify.com
23.23.100.137,shopify.com
23.23.224.106,khanacademy.org
23.235.33.133,github.io
23.235.33.70,patch.com
23.235.37.134,disqus.com
23.235.37.64,nydailynews.com
23.235.39.193,imgur.com
23.23.74.71,freelancer.com
23.3.12.16,dailymail.co.uk
23.3.12.25,newegg.com
23.38.179.136,kohls.com
23.38.181.115,udn.com
23.38.186.189,nfl.com
23.38.187.38,uptodown.com
23.38.188.188,americanexpress.com
23.38.195.49,codecanyon.net
23.4.134.227,weather.com
23.4.152.8,hubspot.com
23.48.99.32,hotels.com
23.7.71.174,lowes.com
23.7.72.90,java.com
23.92.23.113,howtogeek.com
23.96.226.30,theodysseyonline.com
23.97.139.115,yenisafak.com
23.99.229.108,office365.com
24.105.29.30,battle.net
24.144.86.125,cnpy.gdn
27.133.208.13,ameblo.jp
3.0.110.31,notebook.ap-southeast-1.sagemaker.aws
3.10.76.70,emrappui-prod.eu-west-2.amazonaws.com
3.10.78.137,studio.eu-west-2.sagemaker.aws
31.128.43.153,apidapit.beget.app
31.130.204.198,mediatech.dev
31.13.66.1,messenger.com
31.13.66.36,facebook.com
31.13.69.197,fbsbx.com
31.170.127.140,gov.gi
31.192.112.104,tube8.com
31.192.116.24,youporn.com
31.192.120.36,pornhub.com
31.192.122.224,youjizz.com
3.121.163.130,auth.eu-central-1.amazoncognito.com
31.222.76.32,badoo.com
3.123.159.19,studio.eu-central-1.sagemaker.aws
3.124.100.143,netlify.app
31.28.161.196,kherson.ua
31.28.161.196,ks.ua
31.28.161.208,org.ua
3.134.236.230,dev-myqnapcloud.com
3.18.7.81,platter-app.com
3.210.168.61,emrappui-prod.us-east-1.amazonaws.com
3.210.168.61,emrnotebooks-prod.us-east-1.amazonaws.com
3.215.139.115,herokuapp.com
3.227.176.136,postman-echo.com
3.234.157.147,spacekit.io
3.234.203.54,studio.us-east-1.sagemaker.aws
34.100.212.184,id.repl.co
34.100.212.184,repl.co
34.100.245.52,repl.co
34.110.178.183,bmoattachments.org
34.111.225.228,boutir.com
34.111.254.92,replit.dev
34.117.33.233,replit.app
34.117.76.210,pubtls.org
34.120.181.153,builtwithdark.com
34.120.54.55,deno.dev
34.120.54.55,rt.ht
34.134.222.212,edgestack.me
34.160.243.77,id.forgerock.io
34.194.77.64,notebook.us-east-1.sagemaker.aws
34.195.34.227,auth.us-east-1.amazoncognito.com
34.196.122.110,vfs.cloud9.us-east-1.amazonaws.com
34.205.242.146,certmgr.org
34.209.98.119,element--c-r-m-aj-a-gc-d-cr.quipelements.com
34.209.98.119,element-e-w-j-aj-a-hh-o-xa.quipelements.com
34.209.98.119,element--g-f-d-aj-a-l-q-he8.quipelements.com
34.209.98.119,element--jb-n-aj-a-z14no.quipelements.com
34.209.98.119,element--jd-g-aj-ac35-es.quipelements.com
34.209.98.119,element--j-y-k-aj-a-yyz-l-m.quipelements.com
34.209.98.119,element--kf-r-aj-a-m-aia6.quipelements.com
34.209.98.119,element--k-o-r-aj-a-y-h-e50.quipelements.com
34.209.98.119,element--q-y-u-aj-a-g-nx-io.quipelements.com
34.209.98.119,element--t-p-v-aj-a9-r-er-p.quipelements.com
34.209.98.119,element--xd-j-aj-a-n5-jbi.quipelements.com
34.212.23.211,ngrok.dev
34.212.23.211,ngrok-free.dev
34.212.23.211,ngrok.io
34.212.23.211,ngrok.pro
34.213.106.51,wa.gov.au
34.214.137.93,notebook-fips.us-west-2.sagemaker.aws
34.222.178.168,ngrok.io
34.222.178.168,ngrok.pizza
34.250.124.183,emrnotebooks-prod.eu-west-1.amazonaws.com
34.253.35.50,notebook.eu-west-1.sagemaker.aws
34.255.231.114,cloudapps.digital
34.255.74.215,ravpage.co.il
34.83.64.96,onrender.com
34.90.225.198,jouwweb.site
34.90.225.198,webadorsite.com
3.5.12.100,s3-website.us-east-1.amazonaws.com
3.5.12.127,gotpantheon.com
3.5.12.135,s3-website.us-east-1.amazonaws.com
3.5.128.172,s3.us-east-2.amazonaws.com
3.5.128.20,s3-website.us-east-2.amazonaws.com
3.5.12.83,s3.amazonaws.com
3.5.128.86,s3.us-east-2.amazonaws.com
3.5.130.131,s3-website.us-east-2.amazonaws.com
3.5.133.154,s3.dualstack.us-east-2.amazonaws.com
3.5.134.113,boxfuse.io
3.5.134.160,s3.eu-central-1.amazonaws.com
3.5.134.195,s3-eu-central-1.amazonaws.com
3.5.134.213,s3.dualstack.eu-central-1.amazonaws.com
3.5.135.11,s3.dualstack.eu-central-1.amazonaws.com
3.5.135.163,s3.eu-central-1.amazonaws.com
3.5.135.211,s3-eu-central-1.amazonaws.com
3.5.136.200,s3-website.eu-central-1.amazonaws.com
3.5.137.187,s3-website.eu-central-1.amazonaws.com
3.5.146.157,s3-ap-southeast-1.amazonaws.com
3.5.146.157,s3.ap-southeast-1.amazonaws.com
3.5.146.193,s3-website-ap-southeast-1.amazonaws.com
3.5.146.1,s3.ap-southeast-1.amazonaws.com
3.5.146.36,s3-website.ap-southeast-1.amazonaws.com
3.5.148.102,s3-ap-southeast-1.amazonaws.com
3.5.148.200,s3-website-ap-southeast-1.amazonaws.com
3.5.148.207,s3.dualstack.ap-southeast-1.amazonaws.com
3.5.150.178,s3.dualstack.ap-southeast-1.amazonaws.com
35.155.107.255,auth-fips.us-west-2.amazoncognito.com
3.5.156.230,s3-ap-northeast-1.amazonaws.com
3.5.156.234,s3.ap-northeast-1.amazonaws.com
3.5.158.228,s3-website-ap-northeast-1.amazonaws.com
35.160.234.166,vfs.cloud9.us-west-2.amazonaws.com
35.161.17.166,browsersafetymark.io
35.161.209.22,workspace-manager-api.builder.code.com
35.161.3.3,emrappui-prod.us-west-2.amazonaws.com
35.161.3.3,emrnotebooks-prod.us-west-2.amazonaws.com
3.5.165.113,s3-ap-southeast-2.amazonaws.com
3.5.165.170,s3.ap-southeast-2.amazonaws.com
3.5.165.211,s3-website-ap-southeast-2.amazonaws.com
3.5.165.231,s3.dualstack.ap-southeast-2.amazonaws.com
3.5.165.236,s3.dualstack.ap-southeast-2.amazonaws.com
35.166.142.92,freemyip.com
35.166.183.238,notebook.us-west-2.sagemaker.aws
3.5.166.239,s3.ap-southeast-2.amazonaws.com
3.5.167.7,s3-ap-southeast-2.amazonaws.com
35.173.69.207,pythonanywhere.com
35.180.87.3,drud.us
35.181.131.169,notebook.eu-west-3.sagemaker.aws
35.182.185.24,notebook.ca-central-1.sagemaker.aws
3.5.184.183,s3-website.ap-northeast-2.amazonaws.com
3.5.184.27,s3-website.ap-northeast-2.amazonaws.com
3.5.186.110,s3.dualstack.ap-northeast-2.amazonaws.com
3.5.186.118,s3.dualstack.ap-northeast-2.amazonaws.com
3.5.186.1,s3.ap-northeast-2.amazonaws.com
3.5.188.150,s3-ap-northeast-2.amazonaws.com
35.189.201.134,drayddns.com
35.201.127.49,streamlit.app
35.201.127.49,streamlitapp.com
35.202.21.90,lpages.co
35.202.21.90,lpusercontent.com
3.5.22.232,elasticbeanstalk.com
35.223.146.225,tlon.network
35.224.222.174,sfdata--utc--57mwdzw8qn8f.code.run
3.5.225.21,s3-eu-west-3.amazonaws.com
35.227.220.44,gehirn.ne.jp
35.232.203.55,azimuth.network
3.5.236.155,s3-ap-east-1.amazonaws.com
3.5.236.155,s3.ap-east-1.amazonaws.com
3.5.238.150,s3-website.ap-east-1.amazonaws.com
3.5.238.223,s3.dualstack.ap-east-1.amazonaws.com
3.5.238.37,s3.ap-east-1.amazonaws.com
3.5.240.15,s3.dualstack.ap-northeast-3.amazonaws.com
3.5.244.42,s3.dualstack.eu-west-2.amazonaws.com
3.5.245.209,s3.eu-west-2.amazonaws.com
3.5.246.44,s3.eu-west-2.amazonaws.com
3.5.248.24,s3-website.eu-south-1.amazonaws.com
3.5.249.29,s3.dualstack.eu-south-1.amazonaws.com
3.5.250.20,s3.dualstack.eu-south-1.amazonaws.com
3.5.33.73,s3.eu-south-2.amazonaws.com
3.5.45.233,s3.ap-south-2.amazonaws.com
3.5.50.234,s3.me-central-1.amazonaws.com
3.5.52.214,s3.eu-central-2.amazonaws.com
3.5.67.3,s3-website-eu-west-1.amazonaws.com
3.5.68.132,s3-eu-west-1.amazonaws.com
35.71.144.225,zeabur.app
35.75.255.9,hateblo.jp
35.75.255.9,hatenablog.com
35.75.255.9,hatenablog.jp
35.75.255.9,hatenadiary.com
35.75.255.9,hatenadiary.jp
35.75.255.9,hatenadiary.org
3.5.79.239,s3.us-west-2.amazonaws.com
3.5.87.237,s3-website-us-west-2.amazonaws.com
3.6.6.77,auth.ap-south-1.amazoncognito.com
37.128.131.171,memset.net
37.128.131.171,miniserver.com
37.187.134.184,zippyshare.com
37.221.192.226,goip.de
37.27.16.132,29.xmit.co
37.27.16.132,31.xmit.co
37.27.16.132,36.xmit.co
37.27.16.132,38.xmit.co
37.48.108.112,rt.com
37.58.17.123,ensonhaber.com
37.59.142.190,moonscale.net
37.9.239.32,libero.it
37.97.254.27,opensocial.site
38.102.136.104,wunderground.com
38.145.48.10,fedorainfracloud.org
38.145.60.32,app.os.stg.fedoraproject.org
3.96.19.242,auth.ca-central-1.amazoncognito.com
3.96.91.14,duckdns.org
40.115.34.155,skype.com
41.203.191.44,gov.ls
41.207.52.196,gov.mg
4.158.93.42,nhs.uk
42.121.252.58,cnblogs.com
42.156.140.12,1688.com
42.156.162.55,cnzz.com
42.236.9.70,so.com
42.96.146.169,bilibili.com
43.203.45.18,auth.ap-northeast-2.amazoncognito.com
43.224.124.136,gov.lk
43.245.43.106,tas.gov.au
43.245.43.96,sa.gov.au
44.210.182.21,auth-fips.us-east-1.amazoncognito.com
45.12.236.149,boquuswupa.beget.app
45.126.59.70,my.id
45.142.176.205,upli.io
45.147.178.117,ruhacunem.beget.app
45.183.244.16,go.gov.br
45.32.96.10,sgp1.vultrobjects.com
45.55.110.124,co.bn
45.86.125.66,dnshome.de
45.9.40.89,iporustef.beget.app
45.9.43.89,robotuno.beget.app
46.105.57.169,cluster020.hosting.ovh.net
46.183.150.153,my-hit.org
46.20.153.2,sabah.com.tr
46.209.127.202,shaparak.ir
46.21.228.130,hypernode.io
46.235.224.165,ocelot.mythic-beasts.com
46.235.224.172,fentiger.mythic-beasts.com
46.235.227.111,caracal.mythic-beasts.com
46.235.227.111,hostedpi.com
46.235.227.111,sphinx.mythic-beasts.com
46.23.81.157,srht.site
46.245.163.1,haber7.com
46.28.209.62,softonic.com
46.30.213.101,123webseite.de
46.30.213.106,123siteweb.fr
46.30.213.121,123minsida.se
46.30.213.154,simplesite.com.br
46.30.213.163,123website.ch
46.30.213.170,123webseite.at
46.30.213.73,simplesite.com
46.30.213.77,123hjemmeside.dk
46.30.213.77,123hjemmeside.no
46.30.213.77,123homepage.it
46.30.213.82,123website.nl
46.30.213.93,123website.be
46.43.66.107,plo.ps
47.90.2.56,51sole.com
50.18.158.149,academia.edu
50.18.212.252,offerreality.com
50.19.107.246,airbnb.com
50.19.231.29,ps4ux.com
50.204.7.20,nbcnews.com
50.97.35.152,indeed.com
50.97.99.189,hostgator.com
5.101.108.233,blr1.digitaloceanspaces.com
5.101.109.44,fra1.digitaloceanspaces.com
5.101.110.225,ams3.digitaloceanspaces.com
5.102.144.106,objects.rma.cloudscale.ch
51.104.28.64,affinitylottery.org.uk
51.104.28.64,police.uk
51.154.68.67,b-data.io
51.158.211.0,s3.nl-ams.scw.cloud
51.158.211.3,s3-website.nl-ams.scw.cloud
51.158.76.187,fnc.fr-par.scw.cloud
51.158.76.187,k8s.fr-par.scw.cloud
51.159.104.129,apps.lair.io
51.159.62.18,s3.fr-par.scw.cloud
51.159.68.35,dedibox.fr
51.159.77.35,stackhero-network.com
51.161.122.78,cluster051.hosting.ovh.net
51.195.195.241,dnsabr.com
51.195.195.242,cloudns.cl
5.134.210.134,allegro.pl
5.134.215.157,olx.ua
5.134.215.168,olx.pl
5.135.153.125,oy.lc
5.135.203.40,clipconverter.cc
5.135.219.33,definima.io
5.150.254.174,principe.st
5.150.254.174,saotome.st
5.161.108.112,srv.us
5.187.1.122,yaplakal.com
51.91.236.193,cluster028.hosting.ovh.net
51.91.236.255,cluster029.hosting.ovh.net
5.196.172.100,cloudns.asia
52.17.253.37,altervista.org
52.18.91.8,eu-1.evennode.com
52.19.162.164,wetransfer.com
52.19.167.6,espncricinfo.com
52.197.137.178,vfs.cloud9.ap-northeast-1.amazonaws.com
52.197.171.58,hatenablog.com
52.198.233.119,chatwork.com
52.200.179.149,convex.site
52.200.19.196,ign.com
52.200.27.166,biblegateway.com
52.201.100.154,getpocket.com
52.203.61.238,vice.com
52.20.59.33,mediawhirl.net
52.20.84.62,protonet.io
52.211.196.123,vfs.cloud9.eu-west-1.amazonaws.com
52.215.157.134,service.gov.scot
52.216.209.96,s3-1.amazonaws.com
52.216.225.34,adbooth.com
52.216.26.98,s3-external-1.amazonaws.com
52.216.65.66,directrev.com
52.218.100.227,s3.dualstack.eu-west-1.amazonaws.com
52.218.101.147,s3-eu-west-1.amazonaws.com
52.218.108.211,s3.eu-west-1.amazonaws.com
52.218.108.235,s3.dualstack.eu-west-1.amazonaws.com
52.218.132.122,s3-website-us-west-2.amazonaws.com
52.218.132.184,s3.us-west-2.amazonaws.com
52.218.132.88,s3-us-west-2.amazonaws.com
52.218.152.122,s3-website.us-west-2.amazonaws.com
52.218.1.67,s3.eu-west-1.amazonaws.com
52.218.181.178,s3-website.us-west-2.amazonaws.com
52.218.216.48,s3-us-west-2.amazonaws.com
52.218.225.168,s3.dualstack.us-west-2.amazonaws.com
52.218.234.216,s3.dualstack.us-west-2.amazonaws.com
52.218.41.140,s3-website-eu-west-1.amazonaws.com
52.218.44.156,s3-website.eu-west-1.amazonaws.com
52.219.101.161,s3.dualstack.us-east-2.amazonaws.com
52.219.112.104,s3.dualstack.us-west-1.amazonaws.com
52.219.112.128,s3.dualstack.us-west-1.amazonaws.com
52.219.112.144,s3.us-west-1.amazonaws.com
52.219.112.168,s3-us-west-1.amazonaws.com
52.219.112.211,s3-website-us-west-1.amazonaws.com
52.219.112.224,s3.us-west-1.amazonaws.com
52.219.112.48,s3-us-west-1.amazonaws.com
52.219.113.59,s3-website-us-west-1.amazonaws.com
52.219.113.75,s3-website.us-west-1.amazonaws.com
52.219.12.10,s3.ap-northeast-1.amazonaws.com
52.219.136.118,s3.dualstack.ap-northeast-1.amazonaws.com
52.219.136.154,s3.dualstack.ap-northeast-1.amazonaws.com
52.219.136.50,s3-ap-northeast-1.amazonaws.com
52.219.228.128,nyc.mn
52.220.76.35,bintang.com
52.220.76.35,liputan6.com
52.222.139.102,cistron.nl
52.222.139.102,demon.nl
52.222.139.102,xs4all.space
52.2.229.194,ndtv.com
52.25.201.124,deviantart.net
5.226.176.16,bet365.com
52.3.120.217,politico.com
52.31.245.80,ibtimes.co.uk
52.32.159.199,mazeplay.com
52.32.173.150,development.run
52.36.26.233,netflix.com
52.40.170.115,auth.us-west-2.amazoncognito.com
52.41.96.17,twitch.tv
52.42.173.166,gearbest.com
52.43.47.67,rottentomatoes.com
52.44.51.92,quora.com
52.45.135.190,cookpad.com
52.5.41.5,ted.com
52.54.35.251,eventbrite.com
52.5.47.11,ab4hr.com
5.255.255.5,yandex.ua
52.55.79.220,zerohedge.com
52.6.108.150,httpbin.org
52.6.188.250,dribbble.com
52.72.131.138,instagram.com
52.72.26.162,issuu.com
52.74.134.97,tribunnews.com
52.74.223.93,gmanetwork.com
52.74.28.165,auth.ap-southeast-1.amazoncognito.com
52.74.32.52,intoday.in
52.76.154.130,olx.in
52.76.197.21,paytm.com
52.8.134.97,globaloffers.link
52.82.188.131,s3.cn-northwest-1.amazonaws.com.cn
52.82.188.137,s3.cn-northwest-1.amazonaws.com.cn
52.82.188.151,s3.dualstack.cn-northwest-1.amazonaws.com.cn
52.82.188.162,s3-website.cn-northwest-1.amazonaws.com.cn
52.8.242.204,auth.us-west-1.amazoncognito.com
52.84.243.141,deviantart.com
52.85.209.129,tmz.com
52.85.209.159,coursera.org
52.85.209.38,kickstarter.com
52.87.67.209,harvard.edu
52.9.218.57,9gag.com
52.95.136.16,s3-website.eu-south-2.amazonaws.com
52.95.142.44,s3-website.eu-west-2.amazonaws.com
52.95.142.73,s3-eu-west-2.amazonaws.com
52.95.142.89,s3-eu-west-2.amazonaws.com
52.95.143.9,s3.dualstack.eu-west-2.amazonaws.com
52.95.145.180,s3-ca-central-1.amazonaws.com
52.95.151.33,s3.eu-south-1.amazonaws.com
52.95.154.93,s3.dualstack.eu-west-3.amazonaws.com
52.95.155.97,s3.eu-west-3.amazonaws.com
52.95.166.13,s3.ap-southeast-4.amazonaws.com
52.95.172.46,s3-website.me-south-1.amazonaws.com
52.95.172.53,s3.dualstack.me-south-1.amazonaws.com
52.95.172.57,s3.dualstack.me-south-1.amazonaws.com
52.95.172.65,s3-me-south-1.amazonaws.com
52.95.172.9,s3.me-south-1.amazonaws.com
52.95.175.36,s3-website.af-south-1.amazonaws.com
52.95.175.38,s3.af-south-1.amazonaws.com
52.95.176.14,s3.dualstack.af-south-1.amazonaws.com
52.95.177.17,s3.ap-southeast-3.amazonaws.com
52.95.177.57,s3.dualstack.ap-southeast-3.amazonaws.com
52.95.178.36,s3-website.ap-southeast-3.amazonaws.com
52.95.179.49,s3.ap-southeast-3.amazonaws.com
52.95.181.57,s3.ap-northeast-3.amazonaws.com
52.95.181.64,s3-website.ap-northeast-3.amazonaws.com
5.35.83.201,wukougoma.beget.app
5.35.85.183,bequustedun.beget.app
5.35.88.242,orudiebad.beget.app
5.39.224.140,1fichier.com
54.152.41.55,pcmag.com
54.153.56.183,ae.org
54.153.56.183,br.com
54.153.56.183,cn.com
54.153.56.183,com.de
54.153.56.183,de.com
54.153.56.183,eu.com
54.153.56.183,gb.net
54.153.56.183,hu.net
54.153.56.183,jpn.com
54.153.56.183,mex.com
54.153.56.183,se.net
54.153.56.183,uk.com
54.153.56.183,uk.net
54.153.56.183,us.com
54.153.56.183,us.org
54.163.247.71,hootsuite.com
54.165.95.219,instructure.com
54.169.175.143,hotstar.com
54.169.44.182,india.com
54.183.188.95,infusionsoft.com
54.183.7.174,wish.com
54.187.26.65,fc2.com
54.192.6.227,gfycat.com
54.197.231.106,grammarly.com
54.201.63.99,mypep.link
54.207.49.17,auth.sa-east-1.amazoncognito.com
54.208.114.123,ballotpedia.org
54.210.49.244,us.platform.sh
54.212.130.123,ngrok.app
54.212.130.123,ngrok-free.app
54.215.176.19,duckduckgo.com
54.216.59.82,vapor.cloud
54.218.50.117,myanimelist.net
54.221.192.241,makeuseof.com
54.221.223.235,infobae.com
54.222.112.33,s3.dualstack.cn-north-1.amazonaws.com.cn
54.222.112.62,s3-website.cn-north-1.amazonaws.com.cn
54.222.114.39,s3.cn-north-1.amazonaws.com.cn
54.222.114.61,s3.cn-north-1.amazonaws.com.cn
54.222.60.218,amazon.cn
54.223.189.245,zhihu.com
54.225.230.97,alpha-myqnapcloud.com
54.228.197.5,mirror.co.uk
54.228.199.127,campaign.gov.uk
54.230.144.64,slack.com
54.231.241.161,bookmyshow.com
54.235.145.223,nih.gov
54.235.96.183,prezi.com
54.239.26.128,amazon.com
54.239.32.8,amazon.in
54.240.248.0,amazon.co.jp
54.243.195.73,leagueoflegends.com
54.243.79.84,pwwysydh.com
54.246.159.106,livescore.com
54.248.80.100,ea.com
54.251.103.25,naukri.com
54.251.114.252,myntra.com
54.36.82.125,avocat.fr
54.36.91.62,cluster027.hosting.ovh.net
5.45.125.44,fastvps-server.com
5.45.79.6,hdrezka.me
54.69.143.151,sitepoint.com
54.70.47.240,syncloud.it
54.76.136.188,eu.platform.sh
54.82.226.185,bleacherreport.com
54.83.5.150,wattpad.com
54.91.92.129,qoto.io
5.57.16.220,booking.com
56.0.134.100,usps.com
57.128.83.36,mytuleap.com
57.144.112.141,apps.fbsbx.com
5.78.24.5,omg.lol
5.79.69.118,azlyrics.com
58.218.204.252,jb51.net
58.68.250.220,huanqiu.com
59.106.18.132,sblo.jp
59.106.194.19,hatena.ne.jp
59.106.98.139,seesaa.net
59.151.116.98,bitauto.com
5.9.228.67,crimea.ua
5.9.228.67,sebastopol.ua
5.9.228.67,yalta.ua
59.82.2.37,youku.com
60.205.82.219,babytree.com
61.129.65.103,eastday.com
61.135.218.30,youdao.com
61.159.93.108,canva-apps.cn
61.194.4.221,wafflecell.com
61.220.58.7,nownews.com
61.238.158.9,discuss.com.hk
61.251.98.169,tistory.com
62.113.233.136,community-pro.de
62.113.233.136,community-pro.net
62.113.233.136,diskussionsbereich.de
62.113.233.136,meinforum.net
62.113.233.136,myforum.community
62.113.233.136,woltlab-demo.com
62.116.130.8,jimdo.com
62.122.9.80,cdiscount.com
62.138.116.25,spiegel.de
62.153.159.92,t-online.de
62.201.160.30,spdns.eu
62.201.160.30,spdns.org
62.217.178.178,azaxelad.beget.app
62.217.85.154,gov.gr
62.22.171.50,hola.com
62.39.143.23,allocine.fr
62.50.45.35,springer.com
63.151.118.152,cbc.ca
63.240.4.179,forbes.com
63.245.215.20,mozilla.org
63.250.43.10,ingress-baronn.ewp.live
63.250.43.128,ingress-earth.ewp.live
63.250.43.132,ingress-erytho.ewp.live
63.250.43.134,ingress-euterpe.ewp.live
63.250.43.136,ingress-florina.ewp.live
63.250.43.13,ingress-daribow.ewp.live
63.250.43.144,ingress-haven.ewp.live
63.250.43.15,ingress-derowd.ewp.live
63.250.43.1,ingress-bonde.ewp.live
63.250.43.3,ingress-cil.ewp.live
63.250.43.5,ingress-comporellon.ewp.live
64.12.79.57,huffingtonpost.com
64.210.135.134,redtube.com
64.233.180.191,blogspot.in
64.30.228.118,cnet.com
64.30.228.81,gamespot.com
64.30.228.84,gamefaqs.com
64.41.197.44,zedo.com
64.4.250.23,paypal.com
64.68.121.205,webex.com
64.70.19.33,ws
64.74.232.42,outbrain.com
65.19.141.66,helioho.st
65.19.141.66,heliohost.us
65.55.206.154,live.com
65.55.39.10,microsoftonline.com
65.55.54.16,servicebus.windows.net
65.97.58.36,drudgereport.com
65.9.95.101,adobeioruntime.net
65.9.95.102,reserve-online.net
65.9.95.10,onavstack.net
65.9.95.10,static.observableusercontent.com
65.9.95.125,awsapps.com
65.9.95.18,glitch.me
65.9.95.56,framercanvas.com
66.135.201.153,ebay.it
66.155.40.250,wordpress.org
66.199.188.39,web.in
66.211.162.12,ebay.com
66.211.181.20,ebay.co.uk
66.211.181.235,ebay.com.au
66.211.181.235,ebay.de
66.211.181.235,ebay.fr
66.211.185.77,ebay.in
66.213.127.206,lib.oh.us
66.235.120.127,ask.com
66.235.120.94,thesaurus.com
66.235.121.141,dictionary.com
66.235.121.175,investopedia.com
66.235.122.111,ask.fm
66.240.200.82,realclearpolitics.com
66.254.109.60,brazzers.com
66.29.212.110,w3schools.com
66.33.206.96,dreamhosters.com
66.42.119.191,cloudaccess.net
66.43.22.183,ancestry.com
66.6.33.30,tumblr.com
67.135.105.16,quikr.com
67.135.105.25,bhaskar.com
67.157.98.46,ca.gov
67.196.156.65,answers.com
67.199.248.14,bitly.com
67.202.120.212,imagebam.com
67.228.27.109,eyny.com
67.43.7.192,biobiochile.cl
67.55.77.171,phox2ey.bid
68.220.193.219,site--glucase--vdrkypn974ht.code.run
68.233.77.233,taleo.net
69.147.76.173,flickr.com
69.164.211.158,mydrobo.com
69.167.173.81,timeanddate.com
69.172.201.47,roblox.com
69.191.252.148,bloomberg.com
69.192.217.163,zara.com
69.196.244.99,blackboard.com
69.252.80.75,comcast.net
69.58.186.114,ikea.com
69.89.69.99,doublepimp.com
69.89.74.80,4dsply.com
72.163.4.161,cisco.com
72.165.119.10,foxnews.com
72.165.119.18,bestbuy.com
72.165.119.26,telegraph.co.uk
72.166.186.151,state.gov
72.21.202.239,goodreads.com
72.21.206.80,imdb.com
72.21.91.127,soundcloud.com
72.21.91.19,breitbart.com
72.21.91.8,tutorialspoint.com
72.232.173.214,tm.za
72.28.103.31,ampclicks.com
72.32.231.8,umblr.com
72.34.38.64,gr.com
72.37.153.177,flirt4free.com
72.52.8.197,souq.com
72.52.91.14,php.net
74.112.185.90,box.com
74.113.153.33,istockphoto.com
74.113.188.100,bhphotovideo.com
74.113.233.180,videodownloadconverter.com
74.113.233.77,myway.com
74.115.50.110,weebly.com
74.117.179.22,nudevista.com
74.117.206.70,custhelp.com
74.201.84.81,zoho.com
74.50.63.27,instructables.com
75.101.132.179,buzzfeed.com
75.126.59.147,unity3d.com
75.2.60.5,framer.ai
75.2.60.5,framer.app
75.2.60.5,framer.media
75.2.60.5,framer.website
75.2.70.75,linkyard.cloud
75.2.75.95,noop.app
75.98.93.51,surveymonkey.com
76.76.21.123,now.sh
76.76.21.142,vercel.app
76.76.21.21,supabase.co
76.76.21.21,supabase.in
76.76.21.21,typedream.app
76.76.21.22,now.sh
76.76.21.22,vercel.app
76.76.21.93,vercel.dev
77.221.159.235,xn--90amc.xn--p1acf
77.235.182.82,dnsupdater.de
77.235.182.82,internet-dns.de
77.235.182.82,knx-server.net
77.235.182.82,l-o-g-i-n.de
77.235.182.91,static-access.net
77.247.179.176,tnaflix.com
77.72.3.1,nexusmods.com
77.73.177.139,twoo.com
77.75.79.53,seznam.cz
77.79.221.129,shoparena.pl
77.79.221.156,homesklep.pl
77.83.140.34,fly.dev
77.88.55.88,yandex.ru
78.140.183.138,drtuber.com
78.140.188.188,sh.st
78.140.190.102,r7mediar.com
78.140.190.230,xl415.com
78.152.160.15,khmelnitskiy.ua
78.152.160.15,khmelnytskyi.ua
78.194.169.74,eu.org
78.41.116.132,wien.funkfeuer.at
78.46.90.98,biz.at
78.46.90.98,info.at
78.47.54.114,pixabay.com
79.127.215.180,cci.fr
79.137.69.205,2038.io
79.175.144.10,digikala.com
79.175.191.253,divar.ir
79.96.185.31,krasnik.pl
79.99.164.49,on-web.fr
80.252.0.145,gazeta.pl
80.65.85.141,com.ba
80.88.85.16,trentinosudtirol.it
80.92.225.121,kharkov.ua
80.92.225.121,kh.ua
81.171.123.200,uploaded.net
81.17.17.10,the-watch-series.to
81.172.129.161,nl.eu.org
81.19.72.36,lenta.ru
81.19.82.10,rambler.ru
81.3.26.150,git-repos.de
81.3.26.150,svn-repos.de
81.3.26.174,lcube-server.de
82.115.15.12,vidzi.tv
82.145.215.16,operaunite.com
82.151.65.210,gov.mr
82.165.229.87,gmx.net
82.165.230.17,web.de
82.208.8.56,e4.cz
8.23.224.110,hopto.me
82.65.178.240,en-root.fr
83.64.177.229,futurehosting.at
83.65.246.198,at.futurecms.at
83.65.246.198,cc.futurecms.at
83.65.246.198,com.futurecms.at
83.65.246.198,futuremailing.at
83.65.246.198,tirol.futurecms.at
83.66.162.3,hurriyet.com.tr
84.247.134.64,info.na
85.111.27.87,milliyet.com.tr
85.111.30.111,sahibinden.com
85.114.136.161,ddnss.de
85.114.136.161,ddnss.org
85.114.136.161,dyn.ddnss.de
85.114.136.161,dyndns1.de
85.114.136.161,dyndns.ddnss.de
85.114.136.161,dyn.home-webserver.de
85.114.136.161,dyn-ip24.de
85.114.136.161,home-webserver.de
85.114.136.161,myhome-server.de
85.119.82.48,glug.org.uk
85.119.82.48,lug.org.uk
85.119.82.48,lugs.org.uk
85.13.159.123,kasserver.com
85.142.19.10,edu.ru
85.188.1.23,dy.fi
85.188.1.24,tunk.org
85.198.150.14,dp.ua
85.24.248.130,iopsys.se
85.90.246.86,ladesk.com
86.111.240.161,sopot.pl
87.229.103.124,boomla.net
87.240.165.86,vk.com
87.242.66.56,mil.ru
87.250.251.105,kinopoisk.ru
87.250.255.11,yandex.com.tr
87.98.154.146,cluster026.hosting.ovh.net
87.98.168.164,dafont.com
88.198.26.2,apache.org
88.200.23.9,gitapp.si
88.204.157.188,edu.kz
88.208.29.24,xhamster.com
88.212.202.35,liveinternet.ru
88.212.206.13,xn--41a.xn--p1acf
88.212.236.84,fishki.net
88.85.84.134,turbobit.net
88.99.64.5,dedyn.io
89.107.171.183,reverso.net
89.167.142.38,techradar.com
89.188.43.10,ac.me
89.207.248.65,router.management
90.156.128.173,xn--h1ahn.xn--p1acf
91.121.160.190,definima.net
91.121.237.195,byen.site
91.121.237.195,chirurgiens-dentistes-en-france.fr
91.194.60.100,potager.org
91.194.60.101,pimienta.org
91.194.60.101,poivron.org
91.194.60.101,sweetpepper.org
91.195.49.131,kijiji.ca
91.196.125.138,barsy.bg
91.196.125.138,barsy.ca
91.196.125.138,barsycenter.com
91.196.125.138,barsy.club
91.196.125.138,barsy.co.uk
91.196.125.138,barsy.de
91.196.125.138,barsy.eu
91.196.125.138,barsy.info
91.196.125.138,barsy.io
91.196.125.138,barsy.me
91.196.125.138,barsy.menu
91.196.125.138,barsy.mobi
91.196.125.138,barsy.net
91.196.125.138,barsy.online
91.196.125.138,barsyonline.com
91.196.125.138,barsyonline.co.uk
91.196.125.138,barsy.org
91.196.125.138,barsy.pro
91.196.125.138,barsy.pub
91.196.125.138,barsy.shop
91.196.125.138,barsy.site
91.196.125.138,barsy.uk
91.201.52.194,na4u.ru
91.208.207.147,cellar-c2.services.clever-cloud.com
91.208.207.204,adc-clevercloud-customers.services.clever-cloud.com
91.208.207.204,domain-par-clevercloud-admin-customers.services.clever-cloud.com
91.208.207.224,btiwrxbsc07q9bzksbxz-elasticsearch.services.clever-cloud.com
91.208.207.224,by5fruvtdq6cm0gs4p4z-mongodb.services.clever-cloud.com
91.208.207.77,heptapod-foss.services.clever-cloud.com
91.209.35.126,commentcamarche.net
91.211.75.193,ebay-kleinanzeigen.de
91.212.89.8,uz
91.216.245.103,logoip.com
91.216.245.103,logoip.de
91.216.248.20,12hp.at
91.216.248.20,12hp.ch
91.216.248.20,12hp.de
91.216.248.20,1337.pictures
91.216.248.20,2ix.at
91.216.248.20,2ix.ch
91.216.248.20,4lima.at
91.216.248.20,4lima.ch
91.216.248.20,4lima.de
91.216.248.20,clan.rip
91.216.248.20,de.cool
91.216.248.20,lima-city.at
91.216.248.20,lima-city.ch
91.216.248.20,lima-city.de
91.216.248.20,lima-city.rocks
91.216.248.20,lima.zone
91.216.248.20,trafficplex.cloud
91.216.248.20,webspace.rocks
91.216.248.21,2ix.de
91.216.63.240,as.com
91.216.63.240,elpais.com
91.218.160.22,test.tj
91.228.155.94,pikabu.ru
91.232.154.11,kapsi.fi
92.222.139.190,huissier-justice.fr
92.242.43.216,gismeteo.ru
92.51.96.177,gov.ge
93.115.81.41,streamcloud.eu
93.174.130.82,ras.ru
93.184.211.28,avg.com
93.184.216.169,spotscenered.info
93.184.220.20,lemonde.fr
93.84.119.248,com.by
93.93.131.127,yali.mythic-beasts.com
93.93.131.30,onza.mythic-beasts.com
93.93.131.3,lynx.mythic-beasts.com
93.93.135.80,oncilla.mythic-beasts.com
94.100.180.199,mail.ru
94.124.122.6,co.no
94.124.200.86,hh.ru
94.130.186.61,qbuser.com
94.182.163.4,varzesh3.com
94.199.252.153,porn.com
94.199.255.148,xtube.com
94.228.215.230,onlinevideoconverter.com
94.23.123.246,ovhcloud-fr-1.webpaas.ovh.net
94.23.66.51,cloudns.ch
94.31.0.80,thewhizmarketing.com
94.31.0.80,thewhizproducts.com
95.128.201.170,junbi-tracker.com
95.142.199.215,vk.me
95.143.172.115,cassiopeia.uberspace.de
95.143.172.135,phoenix.uberspace.de
95.143.172.140,cetus.uberspace.de
95.143.172.177,serpens.uberspace.de
95.143.172.182,aquila.uberspace.de
95.143.172.190,apus.uberspace.de
95.143.172.196,carina.uberspace.de
95.143.172.200,musca.uberspace.de
95.143.172.202,antila.uberspace.de
95.143.172.203,ursa.uberspace.de
95.143.172.208,tucana.uberspace.de
95.143.172.216,delphinus.uberspace.de
95.143.172.226,canis.uberspace.de
95.143.172.231,bootes.uberspace.de
95.143.172.244,antares.uberspace.de
95.143.172.252,canopus.uberspace.de
95.143.172.56,leo.uberspace.de
95.163.53.117,hb.cldmail.ru
95.169.160.30,keymachine.de
95.173.128.89,gov.ru
95.211.212.240,e-hentai.org
95.217.42.178,taifun-dns.de
96.114.14.140,xfinity.com
96.16.54.184,members.linode.com
96.17.109.25,ccm.net
96.17.109.8,target.com
96.17.227.183,mailchimp.com
96.17.229.238,lazada.co.id
96.17.231.108,battlefield.com
96.43.145.26,salesforce.com
96.45.82.244,fanfiction.net
96.45.82.26,blkget.com
98.143.146.7,utorrent.com
